DROP TABLE IF EXISTS activityFavorite;
DROP TABLE IF EXISTS treatmentFavorite;
DROP TABLE IF EXISTS activityFilter;
DROP TABLE IF EXISTS serviceProvided;
DROP TABLE IF EXISTS activityType;
DROP TABLE IF EXISTS facilityCategory;
DROP TABLE IF EXISTS activity;
DROP TABLE IF EXISTS treatmentCenter;
DROP TABLE IF EXISTS profile;

CREATE TABLE profile (
    profileId BINARY(16) NOT NULL,
    profileAuthenticationKey CHAR(32),
    profileEmail VARCHAR(128) NOT NULL,
    profilePassword CHAR(97) NOT NULL,
    profileUsername VARCHAR(32) NOT NULL,
    UNIQUE (profileEmail),
    UNIQUE (profileUsername),
    PRIMARY KEY (profileId)
);

CREATE TABLE treatmentCenter (
    treatmentCenterId BINARY(16) NOT NULL,
    treatmentCenterCity VARCHAR(32)NOT NULL,
    treatmentCenterLat FLOAT,
    treatmentCenterLong FLOAT,
    treatmentCenterName VARCHAR (255) NOT NULL,
    treatmentCenterPhone VARCHAR(32),
    treatmentCenterStreet1 VARCHAR(255) NOT NULL,
    treatmentCenterStreet2 VARCHAR(255),
    treatmentCenterWebsite VARCHAR(255),
    treatmentCenterZipCode VARCHAR(16)  NOT NULL,
    PRIMARY KEY (treatmentCenterId)
);

CREATE TABLE activity (
    activityId BINARY(16) NOT NULL,
    activityCity VARCHAR(255) NOT NULL,
    activityDescription BLOB NOT NULL,
    activityGroupName VARCHAR(255) NOT NULL,
    activityLat FLOAT,
    activityLong FLOAT,
    activityStreet1 VARCHAR(255) NOT NULL,
    activityStreet2 VARCHAR(255),
    activityTime VARCHAR(255),
    activityWebsite VARCHAR(255),
    activityZipCode VARCHAR(16) NOT NULL,
    PRIMARY KEY(activityId)
);

CREATE TABLE facilityCategory (
    facilityCategoryId BINARY(16) NOT NULL,
    facilityCategoryName VARCHAR(40) NOT NULL,
    facilityCategoryGroupName VARCHAR(40),
    #will manually come back and set group name using webstorm database integration
    PRIMARY KEY(facilityCategoryId)
);

CREATE TABLE activityType (
    activityTypeId   BINARY(16)   NOT NULL,
    activityTypeName VARCHAR(255) NOT NULL,
    PRIMARY KEY (activityTypeId)
);

CREATE TABLE serviceProvided (
    serviceProvidedFacilityCategoryId BINARY(16) NOT NULL,
    serviceProvidedTreatmentCenterId BINARY(16) NOT NULL,
    PRIMARY KEY(serviceProvidedFacilityCategoryId, serviceProvidedTreatmentCenterId),
    INDEX(serviceProvidedFacilityCategoryId),
    INDEX(serviceProvidedTreatmentCenterId),
    FOREIGN KEY(serviceProvidedFacilityCategoryId) REFERENCES facilityCategory(facilityCategoryId),
    FOREIGN KEY(serviceProvidedTreatmentCenterId) REFERENCES treatmentCenter(treatmentCenterId)
);

CREATE TABLE activityFilter (
    activityFilterActivityId BINARY(16) NOT NULL,
    activityFilterActivityTypeId BINARY(16) NOT NULL,
    PRIMARY KEY (activityFilterActivityId, activityFilterActivityTypeId),
    INDEX(activityFilterActivityId) ,
    INDEX(activityFilterActivityTypeId),
    FOREIGN KEY(activityFilterActivityId) REFERENCES activity(activityId),
    FOREIGN KEY(activityFilterActivityTypeId) REFERENCES activityType(activityTypeId)
);

CREATE TABLE treatmentFavorite (
    treatmentFavoriteTreatmentCenterId BINARY(16) NOT NULL,
    treatmentFavoriteProfileId BINARY(16) NOT NULL,
    PRIMARY KEY (treatmentFavoriteTreatmentCenterId, treatmentFavoriteProfileId),
    INDEX (treatmentFavoriteTreatmentCenterId),
    INDEX (treatmentFavoriteProfileId),
    FOREIGN KEY (treatmentFavoriteTreatmentCenterId) REFERENCES treatmentCenter (treatmentCenterId),
    FOREIGN KEY (treatmentFavoriteProfileId) REFERENCES profile (profileId)
);

CREATE TABLE activityFavorite (
    activityFavoriteActivityId BINARY(16) NOT NULL,
    activityFavoriteProfileId  BINARY(16) NOT NULL,
    PRIMARY KEY (activityFavoriteActivityId, activityFavoriteProfileId),
    INDEX(activityFavoriteActivityId),
    INDEX(activityFavoriteProfileId),
    FOREIGN KEY(activityFavoriteActivityId) REFERENCES activity(activityId),
    FOREIGN KEY(activityFavoriteProfileId) REFERENCES profile(profileId)
);

INSERT INTO activityType (activityTypeId, activityTypeName)
VALUES (UUID_TO_BIN('7d33b74b-ebc1-4db4-8088-1e279630cbd5'), 'Fitness');

INSERT INTO activityType (activityTypeId, activityTypeName)
VALUES (UUID_TO_BIN('e07f978c-bbf0-44e5-b38c-c562d597fc83'), 'Sobriety Related');

INSERT INTO activityType (activityTypeId, activityTypeName)
VALUES (UUID_TO_BIN('3eb2bd46-ef8f-44c2-b2b2-87e300cd6bc5'), 'Women Focused');

insert into treatmentCenter (treatmentCenterId, treatmentCenterCity, treatmentCenterLat, treatmentCenterLong, treatmentCenterName, treatmentCenterPhone, treatmentCenterStreet1, treatmentCenterStreet2, treatmentCenterWebsite, treatmentCenterZipCode)
values  (0x2CF97180875F11EBA5E2D7880E8DE7D4, 'Alamogordo', 32.9036, -105.947, 'Canyon Light Inc', '575-437-2453', '1301 Cuba Avenue', '', 'https://www.canyonlightinc.com/', '88310'),
        (0x2D6D1AE0875F11EBA5E2D7880E8DE7D4, 'Alamogordo', 32.8994, -105.938, 'Presbyterian Medical Service', '575-437-7404', '1900 East 10th Street', '', 'http://www.pmsnm.org/locations/alamogordo-family-health-center-behavioral-health', '88310'),
        (0x2DDCF3B0875F11EBA5E2D7880E8DE7D4, 'Albuquerque', 35.1783, -106.579, 'Age To Age Counseling PC', '505-291-6314', '5916 Anaheim Avenue NE', 'SuiteA', 'http://agetoage.net', '87113'),
        (0x2E67A780875F11EBA5E2D7880E8DE7D4, 'Albuquerque', 35.0908, -106.558, 'Albuquerque Behavioral Health', '505-830-6500', '8200 Mountain Road NE', 'Suite 106', 'http://www.abqbh.com', '87110'),
        (0x2EE478A0875F11EBA5E2D7880E8DE7D4, 'Albuquerque', 35.079, -106.591, 'Albuquerque Health Services NE', '505-260-9917', '112 Monroe Street NE', '', 'http://www.abqhealthservices.com/neclinicinfo/', '87108'),
        (0x2F7BAF90875F11EBA5E2D7880E8DE7D4, 'Albuquerque', 35.1378, -106.635, 'Albuquerque Health Services NW', '505-344-4427', '172 Montano Road', '', 'http://www.abqhealthservices.com/nwclinicinfo/', '87108'),
        (0x2FF8CED0875F11EBA5E2D7880E8DE7D4, 'Albuquerque', 35.0904, -106.665, 'Aliviar Counseling Services Inc', '505-247-4622', '1611 Central NW', '', '', '87104'),
        (0x306C9F40875F11EBA5E2D7880E8DE7D4, 'Albuquerque', 35.0888, -106.647, 'A New Awakening Counseling Agency', '505-224-9124 x1002', '600 1st Street NW', 'Suite 200', 'http://www.anewawakening.com', '87102'),
        (0x31069550875F11EBA5E2D7880E8DE7D4, 'Albuquerque', 35.0736, -106.58, 'Bernalillo County Department Of', '505-468-1650', '5901 Zuni Road SE', '', 'https://www.bernco.gov/Department-Behavioral-Health-Services/', '87108'),
        (0x31762000875F11EBA5E2D7880E8DE7D4, 'Albuquerque', 35.1032, -106.652, 'Central New Mexico Treatment Ctr', '505-268-5611 x24505', '630 Haines Avenue NW', '', 'http://www.methadonetreatment.com', '87102'),
        (0x31FF2620875F11EBA5E2D7880E8DE7D4, 'Albuquerque', 35.0928, -106.577, 'Counseling World LLC', '505-404-0717', '1600 San Pedro Drive NE', '', 'http://www.counselingworld.com', '87110'),
        (0x32A180A0875F11EBA5E2D7880E8DE7D4, 'Albuquerque', 35.1144, -106.609, 'Courageous Transformations Inc', '505-800-7092', '3301 Los Arboles NE', '', 'http://www.thecourageousone.com/', '87107'),
        (0x333F6E50875F11EBA5E2D7880E8DE7D4, 'Albuquerque', 35.0931, -106.577, 'Dragonfly Counseling Associates', '505-265-0753', '1610 San Pedro Drive NE', 'Suite A', 'https://www.facebook.com/DragonflyCounselingAssociates/', '87110'),
        (0x33B7AB90875F11EBA5E2D7880E8DE7D4, 'Albuquerque', 35.0927, -106.646, 'Duke City Recovery Toolbox LLC', '505-224-9777', '912 First Street NW', '', 'http://www.dukecityrecovery.com/', '87102'),
        (0x342E3B20875F11EBA5E2D7880E8DE7D4, 'Albuquerque', 35.0819, -106.645, 'Evolution Group Inc', '505-242-6988 x129', '218 Broadway Boulevard SE', '', 'http://www.theevolutiongroup.com', '87102'),
        (0x34ABA880875F11EBA5E2D7880E8DE7D4, 'Albuquerque', 35.131, -106.567, 'Family Workshop LLC', '505-880-0100', '7027 Montgomery Boulevard NE', 'Suite F', 'https://www.familyworkshopcounseling.com/home.html', '87109'),
        (0x351FA000875F11EBA5E2D7880E8DE7D4, 'Albuquerque', 35.0452, -106.683, 'First Choice Community Hlthcare Inc', '505-873-7400', '2001 El Centro Familiar Boulevard SW', '', 'http://www.fcch.com', '87105'),
        (0x35AA2CC0875F11EBA5E2D7880E8DE7D4, 'Albuquerque', 35.0725, -106.584, 'First Nations Community Hlthsource', '505-262-2481', '5608 Zuni Road SE', '', 'http://www.fnch.org', '87108'),
        (0x362A8050875F11EBA5E2D7880E8DE7D4, 'Albuquerque', 35.0567, -106.62, 'Frazier C Wilson LISW', '505-974-7602', '2418 Miles Road SE', '', '', '87106'),
        (0x369B4380875F11EBA5E2D7880E8DE7D4, 'Albuquerque', 35.0574, -106.582, 'Haven Behavioral Outpatient Program', '505-254-4564', '5400 Gibson Boulevard SE', '3rdFloor', 'http://havenalbuquerque.com', '87108'),
        (0x370A31F0875F11EBA5E2D7880E8DE7D4, 'Albuquerque', 35.0222, -106.723, 'Healing Addiction In Our Community', '505-877-3644', '3701 Condershire Drive SW', '', 'http://healingaddictionnm.org/', '87121'),
        (0x37748C80875F11EBA5E2D7880E8DE7D4, 'Albuquerque', 35.0959, -106.649, 'Hope Works', '505-242-4399 x209', '1201 3rd Street NW', '', 'http://www.hopeworksnm.org', '87102'),
        (0x37EC7BA0875F11EBA5E2D7880E8DE7D4, 'Albuquerque', 35.0618, -106.586, 'New Mexico Veterans Integration Center', '505-296-0800', '1301-1 Ortiz Drive SE', '', 'http://www.nmvic.org', '87108'),
        (0x38566100875F11EBA5E2D7880E8DE7D4, 'Albuquerque', 35.0574, -106.582, 'NM Department Of Health', '505-841-8978', '5400 Gibson Boulevard SE', 'Box 13', 'https://www.nmhealth.org/about/ofm/ltcf/tlh/', '87108'),
        (0x38CB69F0875F11EBA5E2D7880E8DE7D4, 'Albuquerque', 35.0799, -106.59, 'Perfectly Imperfect LLC', '505-550-1306', '146 Quincy Street NE', '', 'http://perfectlyimperfectnm.com', '87108'),
        (0x395114B0875F11EBA5E2D7880E8DE7D4, 'Albuquerque', 35.067, -106.676, 'Recovery Services Of New Mexico', '505-242-6919', '1528 Five Points Road', '', 'http://www.recoverynewmexico.com/', '87105'),
        (0x39CA6360875F11EBA5E2D7880E8DE7D4, 'Albuquerque', 35.172, -106.59, 'Sage Neuroscience Center', '505-884-1114 x764', '7850 Jefferson Street NE', 'Suite 300', 'https://sageclinic.org/', '87109'),
        (0x3A4FE710875F11EBA5E2D7880E8DE7D4, 'Albuquerque', 35.1182, -106.628, 'Sequoyah Adolescent Treatment Center', '505-222-0355', '3405 West Pan American Freeway', '', 'https://www.nmhealth.org/about/ofm/ltcf/satc/', '87107'),
        (0x3AC39070875F11EBA5E2D7880E8DE7D4, 'Albuquerque', 35.1161, -106.609, 'Streetwise Inc', '505-323-3785', '3232 Candelaria Road NE', '', 'http://streetnm.org', '87107'),
        (0x3B3983C0875F11EBA5E2D7880E8DE7D4, 'Albuquerque', 35.1424, -106.517, 'Susans Legacy', '505-843-8450', '11005 Spain Road NE', 'Suite 22', 'http://www.susanslegacy.org', '87111'),
        (0x3BAF9E20875F11EBA5E2D7880E8DE7D4, 'Albuquerque', 35.1312, -106.54, 'Turning Point Recovery Center Inc', '505-217-1717', '9201 Montgomery Boulevard', 'Suite V', 'http://www.turningpointrc.com', '87111'),
        (0x3C1F28D0875F11EBA5E2D7880E8DE7D4, 'Albuquerque', 35.0534, -106.62, 'University Of New Mexico Hospital', '505-463-8293', '2600 Yale Boulevard SE', '', 'http://hospitals.unm.edu/', '87106'),
        (0x3C95DF70875F11EBA5E2D7880E8DE7D4, 'Albuquerque', 35.0904, -106.619, 'University Of New Mexico Hospital', '505-463-8293', '2400 Tucker Avenue NE', '', 'http://hsc.unm.edu/health/patient-care/behavioral-health/addiction-recovery/index.html', '87131'),
        (0x3D04A6D0875F11EBA5E2D7880E8DE7D4, 'Albuquerque', 34.9972, -106.665, 'U Turn For Christ New Mexico', '505-217-6888', '205 Camino Cuatro SW', '', 'http://www.uturnforchristnewmexico.org', '87105'),
        (0x3D6A4670875F11EBA5E2D7880E8DE7D4, 'Anthony', 32.0081, -106.606, 'La Clinica De Familia', '575-201-5136', '826 Anthony Drive', '', 'http://lcdfnm.org/behavioral-health-services-anthony/', '88021'),
        (0x3DD193C0875F11EBA5E2D7880E8DE7D4, 'Artesia', 32.848, -104.411, 'Presbyterian Medical Services(PMS)', '575-746-9848', '1105 Memorial Drive', '', 'http://www.pmsnm.org/locations/artesia-health-resources', '88210'),
        (0x3E37A890875F11EBA5E2D7880E8DE7D4, 'Belen', 34.6735, -106.735, 'Recovery Service Of NewMexico', '505-861-2066', '2443 Highway 47', '', 'http://www.recoverynewmexico.com/', '87002'),
        (0x3E9E3290875F11EBA5E2D7880E8DE7D4, 'Bernalillo', 35.3147, -106.547, 'Valle Del Sol Of NewMexico', '505-867-2383', '301 South Camino Del Pueblo', '', 'http://www.valledelsolofnewmexico.com', '87004'),
        (0x3F15AC80875F11EBA5E2D7880E8DE7D4, 'Carlsbad', 32.431, -104.229, 'Carlsbad Family Health Center', '575-885-4836', '914 North Canal Street', '', 'http://www.pmsnm.org/locations/carlsbad-family-health-center', '88220'),
        (0x3F80CA60875F11EBA5E2D7880E8DE7D4, 'Carlsbad', 32.4214, -104.233, 'Golden Services', '575-885-1689', '611 West Stevens', '', 'http://villade-esperanza.com/', '88220'),
        (0x3FEA61A0875F11EBA5E2D7880E8DE7D4, 'Carlsbad', 32.4288, -104.264, 'Presbyterian Medical Services(PMS)', '575-234-3319', '3000 West Church Street', '', 'http://www.pmsnm.org/', '88220'),
        (0x4053D1D0875F11EBA5E2D7880E8DE7D4, 'Clayton', 36.4546, -103.175, 'Valle Del Sol Of New Mexico', '575-729-1953', '834 Main Street', '', 'http://www.valledelsolofnewmexico.com', '88415'),
        (0x40C61BA0875F11EBA5E2D7880E8DE7D4, 'Clovis', 34.4191, -103.22, 'Mental Health Resources Inc', '575-769-2345', '1100 West 21st Street', '', 'http://mhrnewmexico.com/', '88101'),
        (0x41381750875F11EBA5E2D7880E8DE7D4, 'Crownpoint', 35.5985, -108, 'Crownpoint Healthcare Facility', '505-786-6309', 'Highway Junction 57 Route 9', '', 'https://www.ihs.gov/navajo/healthcarefacilities/crownpoint/', '87313'),
        (0x41B86AE0875F11EBA5E2D7880E8DE7D4, 'Crownpoint', 35.5985, -108, 'Division Of Behavioral And Mental', '505-786-2111', '2314 SW Highland Drive', '', 'https://www.nndbmhs.org/locations/crownpoint/', '87313'),
        (0x421F1BF0875F11EBA5E2D7880E8DE7D4, 'Deming', 32.2594, -107.769, 'Presbyterian Medical Services(PMS)', '575-546-2174', '901 West Hickory Street', '', 'http://www.pmsnm.org/locations/deming-health-center-behavioral-health', '88030'),
        (0x42877AB0875F11EBA5E2D7880E8DE7D4, 'El Prado', 36.4701, -105.623, 'Vista Taos Renewal Center', '575-758-5858', '259 Blueberry HillRoad', '', 'http://www.vistataos.com', '87529'),
        (0x42F13900875F11EBA5E2D7880E8DE7D4, 'Espanola', 35.9939, -106.089, 'El Centro Family Health', '505-753-7218', '2010 Industrial Park Road', '', 'http://www.ecfh.org', '87532'),
        (0x43627160875F11EBA5E2D7880E8DE7D4, 'Espanola', 36.0005, -106.059, 'Hoy Recovery Program Inc', '505-753-2203', '710 La Joya Street', 'Suite A', 'http://www.hoyrecovery.org', '87532'),
        (0x43C9E5C0875F11EBA5E2D7880E8DE7D4, 'Espanola', 36.0094, -106.091, 'Human Resources Dev Associates Inc', '505-753-8933', '1114 Plaza Del Norte', 'Suite B', 'http://www.hrda.org', '87532'),
        (0x4436FF70875F11EBA5E2D7880E8DE7D4, 'Espanola', 35.9975, -106.086, 'Presbyterian Medical Services(PMS)', '505-747-7400', '835 Spruce Street', 'Suites C & D', 'http://www.pmsnm.org', '87532'),
        (0x44A2B990875F11EBA5E2D7880E8DE7D4, 'Espanola', 35.9729, -106.087, 'Santa Clara Pueblo Behavioral Health', '505-692-6315', '360 Fog Road', '', 'https://www.sccgov.org/sites/bhd/Pages/home.aspx', '87532'),
        (0x450D8950875F11EBA5E2D7880E8DE7D4, 'Espanola', 36.0088, -106.093, 'Santa Fe Recovery Center', '505-490-2987', '1302 Calle De La Merced', '', 'http://www.sfrecovery.org', '87532'),
        (0x457301E0875F11EBA5E2D7880E8DE7D4, 'Espanola', 36.0078, -106.057, 'Valle Del Sol Of New Mexico', '505-747-1991', '904 East Fairview Lane', '', 'http://valledelsolofnewmexico.com/espanola/', '87532'),
        (0x45E2B3A0875F11EBA5E2D7880E8DE7D4, 'Farmington', 36.73, -108.214, 'Cottonwood Clinical Service Inc', '505-564-3733', '653 West Arrington Street', '', 'http://www.mycottonwood.us/', '87401'),
        (0x464F7F30875F11EBA5E2D7880E8DE7D4, 'Farmington', 36.7752, -108.132, 'Desert View Family Counseling Services', '505-326-7878', '6100 East Main Street', '', 'http://www.mydesertview.org', '87402'),
        (0x46BCBFF0875F11EBA5E2D7880E8DE7D4, 'Farmington', 36.715, -108.229, 'Four Winds Recovery Center Inc', '505-327-7218', '1313 Mission Avenue', '', 'http://www.fourwinds4.com', '87499'),
        (0x4724F7A0875F11EBA5E2D7880E8DE7D4, 'Farmington', 36.7337, -108.199, 'New Mexico Treatment Services LLC', '505-326-2012', '607 East Apache Street', '', 'http://nmts.us', '87401'),
        (0x47917510875F11EBA5E2D7880E8DE7D4, 'Farmington', 36.7274, -108.218, 'Presbyterian Medical Services(PMS)', '505-326-9157', '744 West Animas', '', 'http://www.pmsnm.org', '87401'),
        (0x47F762D0875F11EBA5E2D7880E8DE7D4, 'Farmington', 36.7202, -108.233, 'Presbyterian Medical Services(PMS)', '505-564-4804', '1615 Ojo Court', '', 'http://www.healthierstate.com', '87401'),
        (0x4860ABF0875F11EBA5E2D7880E8DE7D4, 'Gallup', 35.5238, -108.706, 'Na Nizhoozhi Center Inc (NCI)', '505-722-9282', '506 Frances Street', '', 'https://nanizhoozhicenter.org/', '87301'),
        (0x48C70EE0875F11EBA5E2D7880E8DE7D4, 'Gallup', 35.5088, -108.742, 'Navajo Nation DBMHS', '505-722-9470', '300 West Nizhoni Boulevard', 'Suite A', 'http://www.nndbmhs.org', '87301'),
        (0x4935AF30875F11EBA5E2D7880E8DE7D4, 'Gallup', 35.5287, -108.713, 'Presbyterian Medical Services(PMS)', '505-863-3828', '2025 East Aztec Road', '', 'http://www.pmsnm.org/', '87301'),
        (0x499AD9A0875F11EBA5E2D7880E8DE7D4, 'Grants', 35.1592, -107.819, 'Presbyterian Medical Service', '505-876-1890', '1040 Sakelares Boulevard', '', 'http://www.pmsnm.org/locations/grants-family-counseling', '87020'),
        (0x49FD6C00875F11EBA5E2D7880E8DE7D4, 'Grants', 35.158, -107.843, 'Valle Del Sol Of New Mexico', '505-287-7985', '906 North 1st Street', '', 'http://www.valledelsolofnewmexico.com', '87020'),
        (0x4A6EA460875F11EBA5E2D7880E8DE7D4, 'Hobbs', 32.7011, -103.147, 'Guidance Center Of', '575-393-3168', '920 West Broadway', '', 'http://www.gclcnm.org', '88240'),
        (0x4ADB21D0875F11EBA5E2D7880E8DE7D4, 'Hobbs', 32.769, -103.184, 'Humphrey House', '575-392-2231', '3821 West College Lane', '', '', '88242'),
        (0x4B44B910875F11EBA5E2D7880E8DE7D4, 'Hobbs', 32.7043, -103.134, 'Palmer Drug Abuse Prog Of Lea County', '575-397-6333', '200 East Snyder Street', '', 'https://www.pdaphobbs.com/', '88240'),
        (0x4BAD65F0875F11EBA5E2D7880E8DE7D4, 'Laguna', 35.0378, -107.383, 'Pueblo Of Laguna', '505-552-6513', '7 Rio San Jose', '', 'https://www.lagunapueblo-nsn.gov/departments/community-health-and-wellness/community-health-representatives/', '87026'),
        (0x4C1EEC70875F11EBA5E2D7880E8DE7D4, 'Las Cruces', 32.306, -106.743, 'ALT Recovery Group', '575-522-0660', '1141 Mall Drive', 'Suite E', 'http://www.altrecoverygroup.com', '88011'),
        (0x4C9220A0875F11EBA5E2D7880E8DE7D4, 'Las Cruces', 32.3567, -106.774, 'BHC Mesilla Valley Hospital', '575-382-3500', '3751 Del Rey Boulevard', '', 'http://www.mesillavalleyhospital.com', '88012'),
        (0x4D0777B0875F11EBA5E2D7880E8DE7D4, 'Las Cruces', 32.3082, -106.778, 'Esperanza Guidance Services Inc', '575-522-5144', '250 South Main Street', '', 'http://www.esperanzaguidanceservices.com/', '88001'),
        (0x4D80ED70875F11EBA5E2D7880E8DE7D4, 'Las Cruces', 32.3097, -106.779, 'La Clinica De Familia(LCDF)', '575-647-2800', '100 West Griggs Street', '', 'http://www.lcdfnm.org', '88011'),
        (0x4DEE0720875F11EBA5E2D7880E8DE7D4, 'Las Cruces', 32.3053, -106.779, 'La Clinica De Familia(LCDF)', '575-528-6400', '575 South Alameda Boulevard', '', 'http://www.lcdfnm.org', '88005'),
        (0x4E5EF160875F11EBA5E2D7880E8DE7D4, 'Las Vegas', 35.6166, -105.225, 'Rio Grande ATP Inc', '505-454-9611', '2301 7th Street', 'Suite A', 'http://www.riograndeatp.org', '87701'),
        (0x4ECB6ED0875F11EBA5E2D7880E8DE7D4, 'Los Alamos', 35.8841, -106.299, 'Los Alamos Family CouncilInc', '505-662-4160', '1505 15th Street', 'Suite C', 'http://www.lafamilycouncil.org', '87544'),
        (0x4F30E760875F11EBA5E2D7880E8DE7D4, 'Los Lunas', 34.8012, -106.732, 'Central New Mexico Counseling Service', '505-565-9496', '475 Courthouse Road', '', 'http://www.centralnmcounseling.com', '87031'),
        (0x4FA972C0875F11EBA5E2D7880E8DE7D4, 'Los Lunas', 34.8089, -106.726, 'Valle Del Sol Of New Mexico', '505-865-3350', '428 Los Lentes Southeast', '', 'http://www.valledelsolofnewmexico.com', '87031'),
        (0x5018AF50875F11EBA5E2D7880E8DE7D4, 'Los Lunas', 34.8061, -106.701, 'Village Of Los Lunas', '505-352-7611', '3445 Lambros Loop', '', 'https://www.loslunasnm.gov/96/Valencia-County-DWI-Program', '87031'),
        (0x5079BB10875F11EBA5E2D7880E8DE7D4, 'Magdalena', 34.1114, -107.241, 'Alamo Navajo School BoardInc', '575-854-2626 x110', 'Highway 169 Mile Marker 29', '', 'http://www.ANSBI.ORG', '87825'),
        (0x50E3EE90875F11EBA5E2D7880E8DE7D4, 'Mescalero', 33.1638, -105.814, 'Four Directions Treatment And', '575-464-4432', '107 Sunset Loop', '', 'http://mescaleroapachetribe.com/fdtrcm/', '88340'),
        (0x514F3380875F11EBA5E2D7880E8DE7D4, 'Moriarty', 35.0084, -105.913, 'Valle Del Sol Of New Mexico', '505-384-0220', '717 West Abrahames Road', 'Suite D', 'http://www.valledelsolofnewmexico.com', '87035'),
        (0x51D5C8A0875F11EBA5E2D7880E8DE7D4, 'Ohkay Owingeh', 36.0616, -106.07, 'New Moon Lodge', '505-852-2788', '579 White Swan Road', '', 'http://newmoonlodge.org/', '87566'),
        (0x523CEEE0875F11EBA5E2D7880E8DE7D4, 'Pinehill', 34.9097, -108.315, 'Ramah Navajo', '505-775-3353', 'Bia Route 125', '', 'https://ramahnavajo.org/', '87357'),
        (0x52ACEEC0875F11EBA5E2D7880E8DE7D4, 'Portales', 34.188, -103.335, 'Mental Health Resources Inc', '575-359-1221', '300 East 1st Street', '', 'http://mhrnewmexico.com', '88130'),
        (0x53141500875F11EBA5E2D7880E8DE7D4, 'Questa', 36.7244, -105.595, 'Presbyterian Medical Services(PMS)', '575-586-0315', '2573 State Highway 522', '', 'http://www.pmsnm.org', '87556'),
        (0x538CA060875F11EBA5E2D7880E8DE7D4, 'Raton', 36.9017, -104.441, 'Human Resources Dev Associates Inc', '575-445-9761', '130 South 3rd Street', '', 'http://hrda.org', '87740'),
        (0x53F462E0875F11EBA5E2D7880E8DE7D4, 'Raton', 36.8884, -104.452, 'Valle Del Sol Of New Mexico', '575-383-2065', '101 Letton Drive', '', 'http://www.valledelsolofnewmexico.com', '87740'),
        (0x54661070875F11EBA5E2D7880E8DE7D4, 'Rio Rancho', 35.3236, -106.578, 'Albuquerque Behavioral Health', '505-830-6500', '4351 Jager Drive NE', 'Suite E', 'http://albuquerquebehavioralhealth.com/', '87144'),
        (0x54D10740875F11EBA5E2D7880E8DE7D4, 'Rio Rancho', 35.3269, -106.578, 'Five Sandoval Indian Pueblos Inc', '505-867-3351', '4321 Fulcrum Way NE', 'Suite B', 'http://www.fsipinc.org', '87144'),
        (0x55396600875F11EBA5E2D7880E8DE7D4, 'Rio Rancho', 35.2365, -106.656, 'Guidance Foundation Inc', '505-892-3639', '4011 Barbara Loop SE', 'Suite 108', 'http://www.guidancefoundation.net/', '87124'),
        (0x55A85470875F11EBA5E2D7880E8DE7D4, 'Rio Rancho', 35.2614, -106.697, 'Presbyterian Medical Services(PMS)', '505-896-0928', '184 Unser Boulevard NE', '', 'http://www.pmsnm.org', '87124'),
        (0x56254CA0875F11EBA5E2D7880E8DE7D4, 'Rio Rancho', 35.2358, -106.678, 'ReCycled Man LLC', '505-994-4100', '1207 Golf Course Road', 'Suite C', 'http://rioawakening.com/', '87124'),
        (0x56917BF0875F11EBA5E2D7880E8DE7D4, 'Rio Rancho', 35.2327, -106.652, 'Rio Rancho Health Services', '505-896-5517', '1558 Stephanie Road SE', '', 'https://www.abqhealthservices.com/rrclinicinfo/', '87124'),
        (0x57048910875F11EBA5E2D7880E8DE7D4, 'Roswell', 33.4304, -104.522, 'La Casa Community Behavioral Health SE', '575-755-2272', '110 East Mescalero Street', '', 'http://www.lacasahealth.com', '88201'),
        (0x5779B910875F11EBA5E2D7880E8DE7D4, 'Roswell', 33.3804, -104.505, 'Recovery Services Of Southern NM LLC', '575-578-4826', '1107 South Atkinson Street', '', 'http://www.recoverynewmexico.com', '88203'),
        (0x57DCC0A0875F11EBA5E2D7880E8DE7D4, 'Ruidoso', 33.3268, -105.661, 'Presbyterian Medical Service', '575-630-0571', '1400 Sudderth Drive', '', 'http://www.pmsnm.org/locations/ruidoso-behavioral-health-center', '88345'),
        (0x58892D40875F11EBA5E2D7880E8DE7D4, 'Santa Fe', 35.6333, -106.017, 'Daybreak Counseling', '505-395-9456', '4001 Office Court Drive', 'Suite 403', '', '87507'),
        (0x58F53580875F11EBA5E2D7880E8DE7D4, 'Santa Fe', 35.6609, -105.982, 'Life Link', '505-438-0010', '2325 Cerrillos Road', '', 'http://www.thelifelink.org', '87505'),
        (0x598A4990875F11EBA5E2D7880E8DE7D4, 'Santa Fe', 35.6347, -106.017, 'Mesa Vista Wellness', '505-983-8225', '4001 Office Court Road', 'Suite 102', 'http://www.mesavistawellness.com', '87507'),
        (0x59F8C2D0875F11EBA5E2D7880E8DE7D4, 'Santa Fe', 35.886, -105.962, 'Nambe Pueblo/SAP', '505-455-5591', '15 ANP 102 West', '', 'http://nambepueblo.org', '87506'),
        (0x5A76A560875F11EBA5E2D7880E8DE7D4, 'Santa Fe', 35.6391, -105.961, 'New Mexico Treatment Services LLC', '505-982-2129', '1264 Rodeo Drive', '', 'http://nmts.us/', '87505'),
        (0x5B0FB110875F11EBA5E2D7880E8DE7D4, 'Santa Fe', 35.636, -105.963, 'Presbyterian Medical Services(PMS)', '505-986-9633', '2960 Rodeo Park Drive West', '', 'http://www.pmsnm.org', '87505'),
        (0x5B9311E0875F11EBA5E2D7880E8DE7D4, 'Santa Fe', 35.6377, -106.02, 'Presbyterian Medical Services(PMS)', '505-471-5006', '2504 Camino Entrada', '', 'http://www.pmsnm.org/locations/santa-fe-family-wellness-center', '87507'),
        (0x5C13DAA0875F11EBA5E2D7880E8DE7D4, 'Santa Fe', 35.6643, -105.956, 'Santa Fe Health Services', '505-820-9970', '1549 South Saint Francis Drive', '', 'https://www.abqhealthservices.com/sfclinicinfo/', '87505'),
        (0x5C7B9D20875F11EBA5E2D7880E8DE7D4, 'Santa Fe', 35.6261, -106.027, 'Santa Fe Recovery Center', '505-471-4985', '5312 Jaguar Drive', '', 'http://www.sfrecovery.org', '87507'),
        (0x5CE07970875F11EBA5E2D7880E8DE7D4, 'Santa Fe', 35.6314, -106.036, 'Santa Fe Recovery Center', '505-471-4939', '4100 Lucia Lane', '', 'http://www.sfrecovery.org', '87507'),
        (0x5D53D4B0875F11EBA5E2D7880E8DE7D4, 'Santa Fe', 35.6647, -105.958, 'Thomas E Welter', '505-988-5504', '1474 South Saint Francis Drive', '', '', '87505'),
        (0x5DC77E10875F11EBA5E2D7880E8DE7D4, 'Santa Rosa', 34.9487, -104.68, 'New Mexico Behavioral Health Institute', '575-472-3768', '80 14th Street', '', 'https://www.nmhealth.org/about/ofm/ltcf/nmbhi/', '88435'),
        (0x5E307910875F11EBA5E2D7880E8DE7D4, 'Santa Rosa', 34.9378, -104.684, 'Valle Del Sol Of New Mexico', '505-472-0745', '501 South 4th Street', '', 'http://valledelsolofnewmexico.com/', '88435'),
        (0x5E9D1D90875F11EBA5E2D7880E8DE7D4, 'Santo Domingo Pueblo', 35.5269, -106.344, 'Kewa Family Wellness Center', '505-465-2733', '18 Eagle Street', '', 'https://santodomingotribe.org/kewa-family-wellness-center/', '87052'),
        (0x5F063FA0875F11EBA5E2D7880E8DE7D4, 'Shiprock', 36.7919, -108.698, 'Navajo Regional', '505-368-1050 x1438', 'North 491 Highway', 'Pinon Cottonwood Drive', 'https://www.nndbmhs.org/locations/shiprock/', '87420'),
        (0x5F713670875F11EBA5E2D7880E8DE7D4, 'Socorro', 34.0343, -106.916, 'Socorro Community Health Center', '575-835-4444', '1300 Enterprise Road', '', 'http://www.pmsnm.org', '87801'),
        (0x5FDDB3E0875F11EBA5E2D7880E8DE7D4, 'Socorro', 34.0389, -106.911, 'Socorro Mental Health', '575-835-2444', '1200 Highway 60 West', '', 'http://www.pmsnm.org', '87801'),
        (0x604612A0875F11EBA5E2D7880E8DE7D4, 'Sunland Park', 31.8013, -106.583, 'Sunland Park Behavioral Health', '575-589-6540', '2625 McNutt Road', 'Building B', 'http://www.lcdfnm.org', '88063'),
        (0x60B723F0875F11EBA5E2D7880E8DE7D4, 'Taos', 36.4292, -105.555, 'Butterfly Healing Center', '575-751-7688', '1130 Butterfly Road', '', 'http://butterflyhealingcenter.org', '87571'),
        (0x612DB380875F11EBA5E2D7880E8DE7D4, 'Taos', 36.3728, -105.59, 'Human Resources Dev Associates Inc', '575-758-0670 x209', '1335 Gusdorf Road', 'Building E', 'http://hrda.org', '87571'),
        (0x61A02460875F11EBA5E2D7880E8DE7D4, 'Taos', 36.3874, -105.579, 'Rio Grande ATP Inc', '575-737-5533', '224 Cruz Alta Road', 'Suite J', 'http://www.riograndeatp.org', '87571'),
        (0x6211D1F0875F11EBA5E2D7880E8DE7D4, 'Taos', 36.3919, -105.454, 'Shadow Mountain Recovery/Taos', '575-758-1630', '250 Shadow Mountain Road', 'P.O.Box 65', 'http://www.shadowmountainrecovery.com', '87571'),
        (0x627C5390875F11EBA5E2D7880E8DE7D4, 'Taos', 36.4083, -105.58, 'Valle Del Sol Of New Mexico', '575-751-7037', '314 Don Fernando Street', '', 'http://www.valledelsolofnewmexico.com', '87571'),
        (0x62EC5370875F11EBA5E2D7880E8DE7D4, 'Taos', 36.4089, -105.574, 'Vista Taos Renewal Center', '575-758-8491', '137 Bent Street', '', 'http://www.vistataos.com', '87571'),
        (0x634B1540875F11EBA5E2D7880E8DE7D4, 'Thoreau', 35.4066, -108.22, 'WNMMG Thoreau', '505-862-7417', '15 Navarre Boulevard', '', '', '87323'),
        (0x63AFA370875F11EBA5E2D7880E8DE7D4, 'Tucumcari', 35.1695, -103.723, 'Mental Health Resources Inc', '575-461-3013', '1005 South Monroe Street', '', 'http://www.mhrnewmexico.com', '88401'),
        (0x641D5960875F11EBA5E2D7880E8DE7D4, 'Velarde', 36.1658, -105.969, 'Hoy Recovery Program Inc', '505-852-2580', 'County Road 49', 'Private Drive 1098', 'http://www.hoyrecovery.org', '87582'),
        (0x64840A70875F11EBA5E2D7880E8DE7D4, 'Zuni', 35.0844, -108.791, 'Zuni Recovery Center', '505-782-4717', '101 D Avenue', '', 'http://www.ashiwi.org', '87327');

insert into activity (activityId, activityCity, activityDescription, activityGroupName, activityLat, activityLong, activityStreet1, activityStreet2, activityTime, activityWebsite, activityZipCode)
values  (0x08888660875F11EBA152EDF4BB6079EF, 'Albuquerque', 0x4120747261696C2072756E6E696E672067726F757020666F6375736564206F6E206372656174696E6720616E6420696E636C757369766520616E64207361666520656E7669726F6E6D656E7420666F7220776F6D656E206F6620616C6C206167657320616E64206669746E657373206C6576656C7320746F2072756E20747261696C7320746F67657468657220696E20416C627571756572717565, 'Trail Sisters', 35.1594, -106.497, '', '7100 Tramway Blvd NE', 'Check website calendar', 'https://communities.trailsisters.net/landing/', '87122'),
        (0x0904E250875F11EBA152EDF4BB6079EF, 'Albuquerque', 0x466C65657420466565742053706F72747327732072756E2F77616C6B20636C7562206973206F70656E20746F20616C6C206162696C697469657320616E64207061727469636970616E74732061726520656E636F75726167656420746F206272696E67206120667269656E64206F66206C696B65206162696C69747920746F20656E7375726520706172746E6572696E672077697468696E20646966666572656E742070616365732E, 'Fleet Feet Sports', 35.1448, -106.553, 'Fleet Feet Sports', '5701-R Wyoming Blvd NE', 'Tuesday 6:30pm  Saturday 8:45am', 'https://www.fleetfeet.com/s/albuquerque/training', '87109'),
        (0x096CCBE0875F11EBA152EDF4BB6079EF, 'Albuquerque', 0x466F756E64656420696E20313938352C2041525220697320416C6275717565727175652773206F6C6465737420616E64206C617267657374206F70656E2072756E6E696E6720636C7562206372656174656420666F72207468652070726F6D6F74696F6E206F66206865616C7468207468726F7567682072756E6E696E6720616E6420736F6369616C2061637469766974792E20436865636B207363686564756C6520666F722053617475726461792072756E732C2053756E64617973206D6565742061742053616E646961204C6162732043726564697420556E696F6E206E65617220547261646572204A6F6527732C20636F726E6572206F6620506173656F2064656C204E6F72746520616E642056656E74757261204E452C204D6F6E646179206576656E696E67206D6565747320617420736F75746865726E20416C627571756572717565204F70656E20537061636520617420496E6469616E205363686F6F6C20747261696C686561642C205765646E6573646179206576656E696E6773206D656574206174206E6F72746865726E20416C627571756572717565204F70656E2053706163657320617420746865204D69636861656C20456D65727920747261696C68656164, 'ABQ Road Runners Club', 35.1382, -106.482, '', 'High Desert St', 'Monday & Wednesdays 6pm Saturday &  Sunday 7:30am', 'https://www.abqroadrunners.com/weekly-workouts.html', '87111'),
        (0x09D85EF0875F11EBA152EDF4BB6079EF, 'Albuquerque', 0x4D65657475702067726F757020666F6375736564206F6E206272696E67696E6720746F676574686572206C696B65206D696E6465642070656F706C65207769746820616E20696E74657265737420696E207468652073706F7274206F662072756E6E696E672E, 'Albuquerque Running Meetup', 35.1616, -106.676, '', '6440 Coors Blvd NW', 'Check meetup calendar', 'https://www.meetup.com/Albuquerque-Running-Meetup/', '87120'),
        (0x0A444020875F11EBA152EDF4BB6079EF, 'Albuquerque', 0x4D65657475702067726F757020666F6375736564206F6E206272696E67696E6720746F676574686572206C6F63616C2068696B696E6720656E7468757369617374732077686F20656E6A6F79207468652077696C6465726E65737320616E642068696B696E6720696E20746865206D6F756E7461696E732E, 'The Albuquerque Hiking and Outdoor Meetup', 35.0735, -106.445, '', '19 Tres Pistolas Trail NE', 'Check meetup calendar', 'https://www.meetup.com/hiking-204/', '87123'),
        (0x0A9B60D0875F11EBA152EDF4BB6079EF, 'Glenwood', 0x4D65657475702067726F757020666F6375736564206F6E206272696E67696E6720746F67657468657220776F6D656E2077686F2077616E7420746F20676574206F75747369646520746F206578706C6F7265204E6577204D657869636F, 'NM Women Adventure Outdoors', 33.3255, -108.872, '', 'Continental Divide Trail', 'Check meetup calendar', 'https://www.meetup.com/NM-Women-Go-Outdoor-Adventuring/', '88039'),
        (0x0B06CCD0875F11EBA152EDF4BB6079EF, 'Sandia Park', 0x4D65657475702067726F757020207468617420697320616E206F666673686F6F74206F6620746865204E4D2043726F737320436F756E74727920536B6920436C75622020666F6375736564206F6E206F66666572696E67206C6F776572206C6576656C206F7574696E677320736F20616E796F6E652063616E206A6F696E20696E206F6E207468652077696E646572206F7574646F6F7220657870657269656E63652E, 'New Mexico Cross Country Ski Meetup Group', 35.174, -106.376, '', 'NM-536', 'Check meetup calendar', 'https://www.meetup.com/New-Mexico-Cross-Country-Ski-Meetup-Group/', '87047'),
        (0x0B676360875F11EBA152EDF4BB6079EF, 'Las Cruces', 0x4D65657475702067726F757020666F6375736564206F6E20636F6E6E656374696E672068696B696E6720616E64206F7574646F6F7220656E74687573696173747320696E207468652061726561206F66204C6173204372756365732C204E4D2028696E636C7564696E672047696C612057696C6465726E6573732C2044656D696E672C20416C616D6F676F72646F2C20527569646F736F2C20616E642053696C7665722043697479292C20616E6420456C205061736F2C2054582E, 'Jornada hiking & Outdoors Club', 32.3109, -106.826, 'La Llorona Park', '3440 W Picacho Ave', 'Check meetup calendar', 'https://www.meetup.com/jornadahikers/', '88007'),
        (0x0BC64C40875F11EBA152EDF4BB6079EF, 'Albuquerque', 0x4D65657475702067726F757020666F6375736564206F6E2070726F766964696E672062696B696E67206576656E7473207768657265206D656D626572732063616E206D6565742075702077697468206F7468657220726F6164206F72206D6F756E7461696E2062696379636C6973747320746F207269646520726F6164732C20706174687320616E6420747261696C732E, 'Albuquerque Cyclists Club', 35.1868, -106.665, '', 'Nature Trail', 'Check meetup calendar', 'https://www.meetup.com/albuquerque-cyclists-club', '87114'),
        (0x0C227600875F11EBA152EDF4BB6079EF, 'Cochiti', 0x4D65657475702067726F757020666F6375736564206F6E20636F6E6E656374696E672070656F706C6520746F2074686520706164646C696E67207363656E652062792070726F766964696E6720796561722D61726F756E64206576656E74732070726F6D6F74696E6720656E7669726F6E6D656E74616C2061776172656E6573732C20636F6E736572766174696F6E2C20676F6F642073746577617264736869702C2061732077656C6C20617320616E206163746976652C206865616C7468792C206F7574646F6F72206C6966657374796C652E, 'New Mexico Stand Up Paddle Boarders', 35.2209, -106.759, '', '1101 NM-22', 'Check meetup calendar', 'https://www.meetup.com/NM-Stand-Up-Paddle-Boarders/', '87072'),
        (0x0C841E00875F11EBA152EDF4BB6079EF, 'Albuquerque', 0x4C6F63616C20776F6D656E206F6620636F6C6F722072756E6E696E672067726F757020666F6375736564206F6E2075706C696674696E672C20696E73706972696E6720616E64206D6F7469766174696E672065616368206F74686572207468726F7567682E204A6F696E207573206F6E204672696461797320666F7220636F6666656520616E642072756E6E696E672E, 'WOC Run Burque', 35.085, -106.653, 'Humble Coffee', '505 Central Ave NW', 'Friday', 'www.instagram.com/wocrunburque', '87102'),
        (0x0CE7C1D0875F11EBA152EDF4BB6079EF, 'Las Cruces', 0x4D65657475702067726F75702020666F6375736564206F6E20536168616A61204D656469746174696F6E2C206120746563686E6971756520746861742068656C707320726564756365207374726573732C20696E6372656173652077656C6C6E6573732C20696D70726F766520666F637573202C20616E642068656C70732070656F706C65206265636F6D65206D6F72652063656E74657265642E, 'Las Cruces Sahaja Meditation Meetup', 32.3233, -106.805, 'Online,  check meetup calendar', '15 Bruins Ln', 'Saturdays 7:45pm & Sundays 7:45am', 'https://www.meetup.com/Las-Cruces-Sahaja-Meditation-Meetup', '88005'),
        (0x0D409030875F11EBA152EDF4BB6079EF, 'Santa Fe', 0x4F7572206D697373696F6E20697320746F206169642074686F736520696E207265636F76657279206279207265636F6E6E656374696E6720746865697220626F6469657320616E64206D696E6473207468726F756768206166666F726461626C6520796F67612C206669746E6573732C206D656469746174696F6E20616E642077656C6C6E6573732D666F637573656420636F6D6D756E697479206576656E74732E204279206265636F6D696E672061206D656D626572206F66206F757220636F6D6D756E697479207061727469636970616E74732061726520676976656E2061636365737320746F206372656174652061206E657720616E64206865616C746879206C6966657374796C6520616C6F6E67736964652074686569722070656572732EEFBFBD, 'NamaStaySober', 35.6876, -105.938, '', '63 Lincoln Ave', 'Check meetup calendar', 'https://www.namastaysober.com/ https://www.meetup.com/NamaStay-Sober', '87501'),
        (0x0DAFA5B0875F11EBA152EDF4BB6079EF, 'Santa Fe', 0x456D61696C20496E6573736120696E6573736134354154676D61696C2E636F6D20666F72206C6F636174696F6E2E204D65657475702067726F757020666F6375736564206F6E20737570706F7274696E6720746865204E6577204D657869636F204D656469746174696F6E20436F6D6D756E6974792062792070726F766964696E67206D656469746174696F6E206576656E747320616E6420747261696E696E672E, 'New Mexico Meditation Meet up', 35.6823, -105.94, '', '490 Old Santa Fe Trail', '2nd Sundays of the month', 'https://www.meetup.com/NM-Meditation-Meetup/', '87501'),
        (0x0E21EF80875F11EBA152EDF4BB6079EF, 'Albuquerque', 0x436F6E746163743A2047656F7267696E6120466F75727A616E2067656F6475656E6173407961686F6F2E636F6D2E2043656C656272617465205265636F766572792069732061204368726973742D63656E74657265642C2031322073746570207265636F766572792070726F6772616D2C20616E64207361666520706C61636520666F7220616E796F6E65207374727567676C696E67207769746820687572742C207061696E206F7220616464696374696F6E206F6620616E79206B696E642E, 'Celebrate Recovery', 35.0781, -106.512, 'East Gate Church', '12120 Copper Ave', 'Friday 6:15pm', 'https://www.celebraterecovery.com/', '87123'),
        (0x0E8963E0875F11EBA152EDF4BB6079EF, 'Rio Rancho', 0x436F6E746163743A204D696C6573204D656C746F6E20686F6D65736E76406D736E2E636F6D2E2043656C656272617465205265636F766572792069732061204368726973742D63656E74657265642C2031322073746570207265636F766572792070726F6772616D2C20616E64207361666520706C61636520666F7220616E796F6E65207374727567676C696E67207769746820687572742C207061696E206F7220616464696374696F6E206F6620616E79206B696E642E, 'Celebrate Recovery', 35.2408, -106.678, 'Grace Outreach Center', '2900 Southern Blvd', 'Friday 6:15pm', 'https://www.celebraterecovery.com/', '87124'),
        (0x0EE73B50875F11EBA152EDF4BB6079EF, 'Ruidoso', 0x436F6E746163743A20436F7279204D79657273206D796572736C3935407961686F6F2E636F6D2E2043656C656272617465205265636F766572792069732061204368726973742D63656E74657265642C2031322073746570207265636F766572792070726F6772616D2C20616E64207361666520706C61636520666F7220616E796F6E65207374727567676C696E67207769746820687572742C207061696E206F7220616464696374696F6E206F6620616E79206B696E642E, 'Celebrate Recovery', 33.3292, -105.665, 'River Crossing', '1950 Sudderth Dr', 'Monday 6pm', 'https://www.celebraterecovery.com/', '88345'),
        (0x0F3E8310875F11EBA152EDF4BB6079EF, 'Carrizozo', 0x436F6E746163743A2042617262617261204275747472616D207A6F7A6F646966666572656E636540676D61696C2E636F6D2E2043656C656272617465205265636F766572792069732061204368726973742D63656E74657265642C2031322073746570207265636F766572792070726F6772616D2C20616E64207361666520706C61636520666F7220616E796F6E65207374727567676C696E67207769746820687572742C207061696E206F7220616464696374696F6E206F6620616E79206B696E642E, 'Celebrate Recovery', 33.6402, -105.88, 'Carrizozo CR', '1010 13th Street', 'Thursday 6pm', 'https://www.celebraterecovery.com/', '88301'),
        (0x0FB539B0875F11EBA152EDF4BB6079EF, 'Los Alamos', 0x436F6E746163743A20526F6265727420566967696C2072766967696C7061696E74696E67406D736E2E636F6D2E2043656C656272617465205265636F766572792069732061204368726973742D63656E74657265642C2031322073746570207265636F766572792070726F6772616D2C20616E64207361666520706C61636520666F7220616E796F6E65207374727567676C696E67207769746820687572742C207061696E206F7220616464696374696F6E206F6620616E79206B696E642E, 'Celebrate Recovery', 35.8833, -106.318, 'Trinity on the Hill Episcopal Church', '3900 Trinity Dr', 'Thursday 7pm', 'https://www.celebraterecovery.com/', '87544'),
        (0x100EA450875F11EBA152EDF4BB6079EF, 'Las Cruces', 0x436F6E746163743A2044656E6E69732047616C6C65676F7320707374686F6D61733831313140676D61696C2E636F6D2E2043656C656272617465205265636F766572792069732061204368726973742D63656E74657265642C2031322073746570207265636F766572792070726F6772616D2C20616E64207361666520706C61636520666F7220616E796F6E65207374727567676C696E67207769746820687572742C207061696E206F7220616464696374696F6E206F6620616E79206B696E642E, 'Celebrate Recovery', 32.2983, -106.775, 'Real Life Church', '1040 El Paseo Rd', 'Monday 6:30pm', 'https://www.celebraterecovery.com/', '88005'),
        (0x106F61F0875F11EBA152EDF4BB6079EF, 'Albuquerque', 0x456D61696C203131303440776F6D656E666F72736F6272696574792E6F726720666F72206D656574696E6720616464726573732E20576F6D656E20666F7220536F6272696574792C20496E632E2C2069732061206E6F6E2D70726F666974206F7267616E697A6174696F6E2064656469636174656420746F2068656C70696E6720776F6D656E20646973636F7665722061206861707079204E6577204C69666520696E207265636F766572792066726F6D205375627374616E636520557365204469736F72646572732E, 'Women for Sobriety', 35.1755, -106.525, '', '8100 Eubank Blvd NE', 'Wednesday 5:30pm', 'https://womenforsobriety.org/', '87122'),
        (0x10CEC000875F11EBA152EDF4BB6079EF, 'Los Alamos', 0x53656C662D4D616E6167656D656E7420616E64205265636F7665727920547261696E696E672028534D41525429206973206120676C6F62616C20636F6D6D756E697479206F66206D757475616C2D737570706F72742067726F757073207468617420617265206F70656E20746F20616E796F6E65207365656B696E6720736369656E63652D62617365642C2073656C662D656D706F776572656420616464696374696F6E207265636F766572792E, 'SMART Recovery', 35.8826, -106.299, '', '105 15th Street', 'Thursdays 5:30-7pm', 'https://www.smartrecoverytest.org/local/meeting/los-alamos-new-mexico-thursday-530-pm-to-700-pm/', '87544'),
        (0x11328AE0875F11EBA152EDF4BB6079EF, 'Albuquerque', 0x53656C662D4D616E6167656D656E7420616E64205265636F7665727920547261696E696E672028534D41525429206973206120676C6F62616C20636F6D6D756E697479206F66206D757475616C2D737570706F72742067726F757073207468617420617265206F70656E20746F20616E796F6E65207365656B696E6720736369656E63652D62617365642C2073656C662D656D706F776572656420616464696374696F6E207265636F766572792E, 'SMART Recovery', 35.1198, -106.621, '', '2100 Aztec Rd NE, Suite A', 'Wednesday 5:30-7pm', 'https://www.smartrecoverytest.org/local/meeting/albuquerque-new-mexico-wednesday-530-pm-to-700-pm/', '87107'),
        (0x118B5940875F11EBA152EDF4BB6079EF, 'Santa Fe', 0x53656C662D4D616E6167656D656E7420616E64205265636F7665727920547261696E696E672028534D41525429206973206120676C6F62616C20636F6D6D756E697479206F66206D757475616C2D737570706F72742067726F757073207468617420617265206F70656E20746F20616E796F6E65207365656B696E6720736369656E63652D62617365642C2073656C662D656D706F776572656420616464696374696F6E207265636F766572792E, 'SMART Recovery', 35.6162, -106.024, '', '4801 Beckner Rd, Room 511', 'Thursday 6-7pm', 'https://www.smartrecoverytest.org/local/meeting/santa-fe-new-mexico-thursday-600-pm-to-700-pm/', '87507');

insert into facilityCategory (facilityCategoryId, facilityCategoryName, facilityCategoryGroupName)
values  (0x2C5939E0875F11EBA5E2D7880E8DE7D4, 'Detoxification', 'Treatment Programs'),
        (0x2C62FDE0875F11EBA5E2D7880E8DE7D4, 'SAMHSA-certifiedOpioidTreatmentProgram', 'Treatment Programs'),
        (0x2C64F9B0875F11EBA5E2D7880E8DE7D4, 'HospitalInpatient', 'Treatment Programs'),
        (0x2C663230875F11EBA5E2D7880E8DE7D4, 'Residential', 'Treatment Programs'),
        (0x2C6791C0875F11EBA5E2D7880E8DE7D4, 'Outpatient', 'Treatment Programs'),
        (0x2C691860875F11EBA5E2D7880E8DE7D4, 'NoPaymentAccepted', 'Payment Options'),
        (0x2C6A9F00875F11EBA5E2D7880E8DE7D4, 'CashOrSelf-payment', 'Payment Options'),
        (0x2C6C4CB0875F11EBA5E2D7880E8DE7D4, 'Medicaid', 'Payment Options'),
        (0x2C6D8530875F11EBA5E2D7880E8DE7D4, 'Medicare', 'Payment Options'),
        (0x2C6EBDB0875F11EBA5E2D7880E8DE7D4, 'StateFinancedInsurance_OtherThanMedicaid', 'Payment Options'),
        (0x2C701D40875F11EBA5E2D7880E8DE7D4, 'PrivateHealthInsurance', 'Payment Options'),
        (0x2C724020875F11EBA5E2D7880E8DE7D4, 'MilitaryInsurance', 'Payment Options'),
        (0x2C7414E0875F11EBA5E2D7880E8DE7D4, 'Veterans', 'Military'),
        (0x2C752650875F11EBA5E2D7880E8DE7D4, 'ActiveDutyMilitary', 'Military'),
        (0x2C7685E0875F11EBA5E2D7880E8DE7D4, 'MilitaryFamilies', 'Military'),
        (0x2C77E570875F11EBA5E2D7880E8DE7D4, 'AdultWomen', 'Gender'),
        (0x2C794500875F11EBA5E2D7880E8DE7D4, 'AdultMen', 'Gender'),
        (0x2C7ACBA0875F11EBA5E2D7880E8DE7D4, 'Female', 'Gender'),
        (0x2C7C0420875F11EBA5E2D7880E8DE7D4, 'Male', 'Gender'),
        (0x2C7D3CA0875F11EBA5E2D7880E8DE7D4, 'LesbianGayBisexualTransgender(LGBT)', 'Gender'),
        (0x2C7E7520875F11EBA5E2D7880E8DE7D4, 'Navajo', 'Language'),
        (0x2C7FD4B0875F11EBA5E2D7880E8DE7D4, 'Spanish', 'Language');

insert into serviceProvided (serviceProvidedFacilityCategoryId, serviceProvidedTreatmentCenterId)
values  (0x2C5939E0875F11EBA5E2D7880E8DE7D4, 0x2EE478A0875F11EBA5E2D7880E8DE7D4),
        (0x2C5939E0875F11EBA5E2D7880E8DE7D4, 0x2F7BAF90875F11EBA5E2D7880E8DE7D4),
        (0x2C5939E0875F11EBA5E2D7880E8DE7D4, 0x306C9F40875F11EBA5E2D7880E8DE7D4),
        (0x2C5939E0875F11EBA5E2D7880E8DE7D4, 0x31069550875F11EBA5E2D7880E8DE7D4),
        (0x2C5939E0875F11EBA5E2D7880E8DE7D4, 0x31762000875F11EBA5E2D7880E8DE7D4),
        (0x2C5939E0875F11EBA5E2D7880E8DE7D4, 0x38566100875F11EBA5E2D7880E8DE7D4),
        (0x2C5939E0875F11EBA5E2D7880E8DE7D4, 0x39CA6360875F11EBA5E2D7880E8DE7D4),
        (0x2C5939E0875F11EBA5E2D7880E8DE7D4, 0x3BAF9E20875F11EBA5E2D7880E8DE7D4),
        (0x2C5939E0875F11EBA5E2D7880E8DE7D4, 0x3C1F28D0875F11EBA5E2D7880E8DE7D4),
        (0x2C5939E0875F11EBA5E2D7880E8DE7D4, 0x3C95DF70875F11EBA5E2D7880E8DE7D4),
        (0x2C5939E0875F11EBA5E2D7880E8DE7D4, 0x3D04A6D0875F11EBA5E2D7880E8DE7D4),
        (0x2C5939E0875F11EBA5E2D7880E8DE7D4, 0x42877AB0875F11EBA5E2D7880E8DE7D4),
        (0x2C5939E0875F11EBA5E2D7880E8DE7D4, 0x4A6EA460875F11EBA5E2D7880E8DE7D4),
        (0x2C5939E0875F11EBA5E2D7880E8DE7D4, 0x4C1EEC70875F11EBA5E2D7880E8DE7D4),
        (0x2C5939E0875F11EBA5E2D7880E8DE7D4, 0x4C9220A0875F11EBA5E2D7880E8DE7D4),
        (0x2C5939E0875F11EBA5E2D7880E8DE7D4, 0x55396600875F11EBA5E2D7880E8DE7D4),
        (0x2C5939E0875F11EBA5E2D7880E8DE7D4, 0x56917BF0875F11EBA5E2D7880E8DE7D4),
        (0x2C5939E0875F11EBA5E2D7880E8DE7D4, 0x5C13DAA0875F11EBA5E2D7880E8DE7D4),
        (0x2C5939E0875F11EBA5E2D7880E8DE7D4, 0x5F713670875F11EBA5E2D7880E8DE7D4),
        (0x2C5939E0875F11EBA5E2D7880E8DE7D4, 0x641D5960875F11EBA5E2D7880E8DE7D4),
        (0x2C62FDE0875F11EBA5E2D7880E8DE7D4, 0x2EE478A0875F11EBA5E2D7880E8DE7D4),
        (0x2C62FDE0875F11EBA5E2D7880E8DE7D4, 0x2F7BAF90875F11EBA5E2D7880E8DE7D4),
        (0x2C62FDE0875F11EBA5E2D7880E8DE7D4, 0x31762000875F11EBA5E2D7880E8DE7D4),
        (0x2C62FDE0875F11EBA5E2D7880E8DE7D4, 0x32A180A0875F11EBA5E2D7880E8DE7D4),
        (0x2C62FDE0875F11EBA5E2D7880E8DE7D4, 0x33B7AB90875F11EBA5E2D7880E8DE7D4),
        (0x2C62FDE0875F11EBA5E2D7880E8DE7D4, 0x395114B0875F11EBA5E2D7880E8DE7D4),
        (0x2C62FDE0875F11EBA5E2D7880E8DE7D4, 0x3C1F28D0875F11EBA5E2D7880E8DE7D4),
        (0x2C62FDE0875F11EBA5E2D7880E8DE7D4, 0x3C95DF70875F11EBA5E2D7880E8DE7D4),
        (0x2C62FDE0875F11EBA5E2D7880E8DE7D4, 0x3E37A890875F11EBA5E2D7880E8DE7D4),
        (0x2C62FDE0875F11EBA5E2D7880E8DE7D4, 0x4724F7A0875F11EBA5E2D7880E8DE7D4),
        (0x2C62FDE0875F11EBA5E2D7880E8DE7D4, 0x4C1EEC70875F11EBA5E2D7880E8DE7D4),
        (0x2C62FDE0875F11EBA5E2D7880E8DE7D4, 0x56917BF0875F11EBA5E2D7880E8DE7D4),
        (0x2C62FDE0875F11EBA5E2D7880E8DE7D4, 0x5779B910875F11EBA5E2D7880E8DE7D4),
        (0x2C62FDE0875F11EBA5E2D7880E8DE7D4, 0x5A76A560875F11EBA5E2D7880E8DE7D4),
        (0x2C62FDE0875F11EBA5E2D7880E8DE7D4, 0x5C13DAA0875F11EBA5E2D7880E8DE7D4),
        (0x2C64F9B0875F11EBA5E2D7880E8DE7D4, 0x38566100875F11EBA5E2D7880E8DE7D4),
        (0x2C64F9B0875F11EBA5E2D7880E8DE7D4, 0x4C9220A0875F11EBA5E2D7880E8DE7D4),
        (0x2C663230875F11EBA5E2D7880E8DE7D4, 0x31069550875F11EBA5E2D7880E8DE7D4),
        (0x2C663230875F11EBA5E2D7880E8DE7D4, 0x370A31F0875F11EBA5E2D7880E8DE7D4),
        (0x2C663230875F11EBA5E2D7880E8DE7D4, 0x37EC7BA0875F11EBA5E2D7880E8DE7D4),
        (0x2C663230875F11EBA5E2D7880E8DE7D4, 0x38566100875F11EBA5E2D7880E8DE7D4),
        (0x2C663230875F11EBA5E2D7880E8DE7D4, 0x3A4FE710875F11EBA5E2D7880E8DE7D4),
        (0x2C663230875F11EBA5E2D7880E8DE7D4, 0x3D04A6D0875F11EBA5E2D7880E8DE7D4),
        (0x2C663230875F11EBA5E2D7880E8DE7D4, 0x3F80CA60875F11EBA5E2D7880E8DE7D4),
        (0x2C663230875F11EBA5E2D7880E8DE7D4, 0x42877AB0875F11EBA5E2D7880E8DE7D4),
        (0x2C663230875F11EBA5E2D7880E8DE7D4, 0x46BCBFF0875F11EBA5E2D7880E8DE7D4),
        (0x2C663230875F11EBA5E2D7880E8DE7D4, 0x4860ABF0875F11EBA5E2D7880E8DE7D4),
        (0x2C663230875F11EBA5E2D7880E8DE7D4, 0x4ADB21D0875F11EBA5E2D7880E8DE7D4),
        (0x2C663230875F11EBA5E2D7880E8DE7D4, 0x50E3EE90875F11EBA5E2D7880E8DE7D4),
        (0x2C663230875F11EBA5E2D7880E8DE7D4, 0x51D5C8A0875F11EBA5E2D7880E8DE7D4),
        (0x2C663230875F11EBA5E2D7880E8DE7D4, 0x5CE07970875F11EBA5E2D7880E8DE7D4),
        (0x2C663230875F11EBA5E2D7880E8DE7D4, 0x5F063FA0875F11EBA5E2D7880E8DE7D4),
        (0x2C663230875F11EBA5E2D7880E8DE7D4, 0x60B723F0875F11EBA5E2D7880E8DE7D4),
        (0x2C663230875F11EBA5E2D7880E8DE7D4, 0x6211D1F0875F11EBA5E2D7880E8DE7D4),
        (0x2C663230875F11EBA5E2D7880E8DE7D4, 0x641D5960875F11EBA5E2D7880E8DE7D4),
        (0x2C6791C0875F11EBA5E2D7880E8DE7D4, 0x2CF97180875F11EBA5E2D7880E8DE7D4),
        (0x2C6791C0875F11EBA5E2D7880E8DE7D4, 0x2D6D1AE0875F11EBA5E2D7880E8DE7D4),
        (0x2C6791C0875F11EBA5E2D7880E8DE7D4, 0x2DDCF3B0875F11EBA5E2D7880E8DE7D4),
        (0x2C6791C0875F11EBA5E2D7880E8DE7D4, 0x2E67A780875F11EBA5E2D7880E8DE7D4),
        (0x2C6791C0875F11EBA5E2D7880E8DE7D4, 0x2EE478A0875F11EBA5E2D7880E8DE7D4),
        (0x2C6791C0875F11EBA5E2D7880E8DE7D4, 0x2F7BAF90875F11EBA5E2D7880E8DE7D4),
        (0x2C6791C0875F11EBA5E2D7880E8DE7D4, 0x2FF8CED0875F11EBA5E2D7880E8DE7D4),
        (0x2C6791C0875F11EBA5E2D7880E8DE7D4, 0x306C9F40875F11EBA5E2D7880E8DE7D4),
        (0x2C6791C0875F11EBA5E2D7880E8DE7D4, 0x31762000875F11EBA5E2D7880E8DE7D4),
        (0x2C6791C0875F11EBA5E2D7880E8DE7D4, 0x31FF2620875F11EBA5E2D7880E8DE7D4),
        (0x2C6791C0875F11EBA5E2D7880E8DE7D4, 0x32A180A0875F11EBA5E2D7880E8DE7D4),
        (0x2C6791C0875F11EBA5E2D7880E8DE7D4, 0x333F6E50875F11EBA5E2D7880E8DE7D4),
        (0x2C6791C0875F11EBA5E2D7880E8DE7D4, 0x33B7AB90875F11EBA5E2D7880E8DE7D4),
        (0x2C6791C0875F11EBA5E2D7880E8DE7D4, 0x342E3B20875F11EBA5E2D7880E8DE7D4),
        (0x2C6791C0875F11EBA5E2D7880E8DE7D4, 0x34ABA880875F11EBA5E2D7880E8DE7D4),
        (0x2C6791C0875F11EBA5E2D7880E8DE7D4, 0x351FA000875F11EBA5E2D7880E8DE7D4),
        (0x2C6791C0875F11EBA5E2D7880E8DE7D4, 0x35AA2CC0875F11EBA5E2D7880E8DE7D4),
        (0x2C6791C0875F11EBA5E2D7880E8DE7D4, 0x362A8050875F11EBA5E2D7880E8DE7D4),
        (0x2C6791C0875F11EBA5E2D7880E8DE7D4, 0x369B4380875F11EBA5E2D7880E8DE7D4),
        (0x2C6791C0875F11EBA5E2D7880E8DE7D4, 0x37748C80875F11EBA5E2D7880E8DE7D4),
        (0x2C6791C0875F11EBA5E2D7880E8DE7D4, 0x37EC7BA0875F11EBA5E2D7880E8DE7D4),
        (0x2C6791C0875F11EBA5E2D7880E8DE7D4, 0x38566100875F11EBA5E2D7880E8DE7D4),
        (0x2C6791C0875F11EBA5E2D7880E8DE7D4, 0x38CB69F0875F11EBA5E2D7880E8DE7D4),
        (0x2C6791C0875F11EBA5E2D7880E8DE7D4, 0x395114B0875F11EBA5E2D7880E8DE7D4),
        (0x2C6791C0875F11EBA5E2D7880E8DE7D4, 0x39CA6360875F11EBA5E2D7880E8DE7D4),
        (0x2C6791C0875F11EBA5E2D7880E8DE7D4, 0x3AC39070875F11EBA5E2D7880E8DE7D4),
        (0x2C6791C0875F11EBA5E2D7880E8DE7D4, 0x3B3983C0875F11EBA5E2D7880E8DE7D4),
        (0x2C6791C0875F11EBA5E2D7880E8DE7D4, 0x3BAF9E20875F11EBA5E2D7880E8DE7D4),
        (0x2C6791C0875F11EBA5E2D7880E8DE7D4, 0x3C1F28D0875F11EBA5E2D7880E8DE7D4),
        (0x2C6791C0875F11EBA5E2D7880E8DE7D4, 0x3C95DF70875F11EBA5E2D7880E8DE7D4),
        (0x2C6791C0875F11EBA5E2D7880E8DE7D4, 0x3D6A4670875F11EBA5E2D7880E8DE7D4),
        (0x2C6791C0875F11EBA5E2D7880E8DE7D4, 0x3DD193C0875F11EBA5E2D7880E8DE7D4),
        (0x2C6791C0875F11EBA5E2D7880E8DE7D4, 0x3E37A890875F11EBA5E2D7880E8DE7D4),
        (0x2C6791C0875F11EBA5E2D7880E8DE7D4, 0x3E9E3290875F11EBA5E2D7880E8DE7D4),
        (0x2C6791C0875F11EBA5E2D7880E8DE7D4, 0x3F15AC80875F11EBA5E2D7880E8DE7D4),
        (0x2C6791C0875F11EBA5E2D7880E8DE7D4, 0x3FEA61A0875F11EBA5E2D7880E8DE7D4),
        (0x2C6791C0875F11EBA5E2D7880E8DE7D4, 0x4053D1D0875F11EBA5E2D7880E8DE7D4),
        (0x2C6791C0875F11EBA5E2D7880E8DE7D4, 0x40C61BA0875F11EBA5E2D7880E8DE7D4),
        (0x2C6791C0875F11EBA5E2D7880E8DE7D4, 0x41381750875F11EBA5E2D7880E8DE7D4),
        (0x2C6791C0875F11EBA5E2D7880E8DE7D4, 0x41B86AE0875F11EBA5E2D7880E8DE7D4),
        (0x2C6791C0875F11EBA5E2D7880E8DE7D4, 0x421F1BF0875F11EBA5E2D7880E8DE7D4),
        (0x2C6791C0875F11EBA5E2D7880E8DE7D4, 0x42F13900875F11EBA5E2D7880E8DE7D4),
        (0x2C6791C0875F11EBA5E2D7880E8DE7D4, 0x43627160875F11EBA5E2D7880E8DE7D4),
        (0x2C6791C0875F11EBA5E2D7880E8DE7D4, 0x43C9E5C0875F11EBA5E2D7880E8DE7D4),
        (0x2C6791C0875F11EBA5E2D7880E8DE7D4, 0x4436FF70875F11EBA5E2D7880E8DE7D4),
        (0x2C6791C0875F11EBA5E2D7880E8DE7D4, 0x44A2B990875F11EBA5E2D7880E8DE7D4),
        (0x2C6791C0875F11EBA5E2D7880E8DE7D4, 0x450D8950875F11EBA5E2D7880E8DE7D4),
        (0x2C6791C0875F11EBA5E2D7880E8DE7D4, 0x457301E0875F11EBA5E2D7880E8DE7D4),
        (0x2C6791C0875F11EBA5E2D7880E8DE7D4, 0x45E2B3A0875F11EBA5E2D7880E8DE7D4),
        (0x2C6791C0875F11EBA5E2D7880E8DE7D4, 0x464F7F30875F11EBA5E2D7880E8DE7D4),
        (0x2C6791C0875F11EBA5E2D7880E8DE7D4, 0x46BCBFF0875F11EBA5E2D7880E8DE7D4),
        (0x2C6791C0875F11EBA5E2D7880E8DE7D4, 0x4724F7A0875F11EBA5E2D7880E8DE7D4),
        (0x2C6791C0875F11EBA5E2D7880E8DE7D4, 0x47917510875F11EBA5E2D7880E8DE7D4),
        (0x2C6791C0875F11EBA5E2D7880E8DE7D4, 0x47F762D0875F11EBA5E2D7880E8DE7D4),
        (0x2C6791C0875F11EBA5E2D7880E8DE7D4, 0x48C70EE0875F11EBA5E2D7880E8DE7D4),
        (0x2C6791C0875F11EBA5E2D7880E8DE7D4, 0x4935AF30875F11EBA5E2D7880E8DE7D4),
        (0x2C6791C0875F11EBA5E2D7880E8DE7D4, 0x499AD9A0875F11EBA5E2D7880E8DE7D4),
        (0x2C6791C0875F11EBA5E2D7880E8DE7D4, 0x49FD6C00875F11EBA5E2D7880E8DE7D4),
        (0x2C6791C0875F11EBA5E2D7880E8DE7D4, 0x4A6EA460875F11EBA5E2D7880E8DE7D4),
        (0x2C6791C0875F11EBA5E2D7880E8DE7D4, 0x4B44B910875F11EBA5E2D7880E8DE7D4),
        (0x2C6791C0875F11EBA5E2D7880E8DE7D4, 0x4BAD65F0875F11EBA5E2D7880E8DE7D4),
        (0x2C6791C0875F11EBA5E2D7880E8DE7D4, 0x4C1EEC70875F11EBA5E2D7880E8DE7D4),
        (0x2C6791C0875F11EBA5E2D7880E8DE7D4, 0x4C9220A0875F11EBA5E2D7880E8DE7D4),
        (0x2C6791C0875F11EBA5E2D7880E8DE7D4, 0x4D0777B0875F11EBA5E2D7880E8DE7D4),
        (0x2C6791C0875F11EBA5E2D7880E8DE7D4, 0x4D80ED70875F11EBA5E2D7880E8DE7D4),
        (0x2C6791C0875F11EBA5E2D7880E8DE7D4, 0x4DEE0720875F11EBA5E2D7880E8DE7D4),
        (0x2C6791C0875F11EBA5E2D7880E8DE7D4, 0x4E5EF160875F11EBA5E2D7880E8DE7D4),
        (0x2C6791C0875F11EBA5E2D7880E8DE7D4, 0x4ECB6ED0875F11EBA5E2D7880E8DE7D4),
        (0x2C6791C0875F11EBA5E2D7880E8DE7D4, 0x4F30E760875F11EBA5E2D7880E8DE7D4),
        (0x2C6791C0875F11EBA5E2D7880E8DE7D4, 0x4FA972C0875F11EBA5E2D7880E8DE7D4),
        (0x2C6791C0875F11EBA5E2D7880E8DE7D4, 0x5018AF50875F11EBA5E2D7880E8DE7D4),
        (0x2C6791C0875F11EBA5E2D7880E8DE7D4, 0x5079BB10875F11EBA5E2D7880E8DE7D4),
        (0x2C6791C0875F11EBA5E2D7880E8DE7D4, 0x50E3EE90875F11EBA5E2D7880E8DE7D4),
        (0x2C6791C0875F11EBA5E2D7880E8DE7D4, 0x514F3380875F11EBA5E2D7880E8DE7D4),
        (0x2C6791C0875F11EBA5E2D7880E8DE7D4, 0x51D5C8A0875F11EBA5E2D7880E8DE7D4),
        (0x2C6791C0875F11EBA5E2D7880E8DE7D4, 0x523CEEE0875F11EBA5E2D7880E8DE7D4),
        (0x2C6791C0875F11EBA5E2D7880E8DE7D4, 0x52ACEEC0875F11EBA5E2D7880E8DE7D4),
        (0x2C6791C0875F11EBA5E2D7880E8DE7D4, 0x53141500875F11EBA5E2D7880E8DE7D4),
        (0x2C6791C0875F11EBA5E2D7880E8DE7D4, 0x538CA060875F11EBA5E2D7880E8DE7D4),
        (0x2C6791C0875F11EBA5E2D7880E8DE7D4, 0x53F462E0875F11EBA5E2D7880E8DE7D4),
        (0x2C6791C0875F11EBA5E2D7880E8DE7D4, 0x54661070875F11EBA5E2D7880E8DE7D4),
        (0x2C6791C0875F11EBA5E2D7880E8DE7D4, 0x54D10740875F11EBA5E2D7880E8DE7D4),
        (0x2C6791C0875F11EBA5E2D7880E8DE7D4, 0x55396600875F11EBA5E2D7880E8DE7D4),
        (0x2C6791C0875F11EBA5E2D7880E8DE7D4, 0x55A85470875F11EBA5E2D7880E8DE7D4),
        (0x2C6791C0875F11EBA5E2D7880E8DE7D4, 0x56254CA0875F11EBA5E2D7880E8DE7D4),
        (0x2C6791C0875F11EBA5E2D7880E8DE7D4, 0x56917BF0875F11EBA5E2D7880E8DE7D4),
        (0x2C6791C0875F11EBA5E2D7880E8DE7D4, 0x57048910875F11EBA5E2D7880E8DE7D4),
        (0x2C6791C0875F11EBA5E2D7880E8DE7D4, 0x5779B910875F11EBA5E2D7880E8DE7D4),
        (0x2C6791C0875F11EBA5E2D7880E8DE7D4, 0x57DCC0A0875F11EBA5E2D7880E8DE7D4),
        (0x2C6791C0875F11EBA5E2D7880E8DE7D4, 0x58892D40875F11EBA5E2D7880E8DE7D4),
        (0x2C6791C0875F11EBA5E2D7880E8DE7D4, 0x58F53580875F11EBA5E2D7880E8DE7D4),
        (0x2C6791C0875F11EBA5E2D7880E8DE7D4, 0x598A4990875F11EBA5E2D7880E8DE7D4),
        (0x2C6791C0875F11EBA5E2D7880E8DE7D4, 0x59F8C2D0875F11EBA5E2D7880E8DE7D4),
        (0x2C6791C0875F11EBA5E2D7880E8DE7D4, 0x5A76A560875F11EBA5E2D7880E8DE7D4),
        (0x2C6791C0875F11EBA5E2D7880E8DE7D4, 0x5B0FB110875F11EBA5E2D7880E8DE7D4),
        (0x2C6791C0875F11EBA5E2D7880E8DE7D4, 0x5B9311E0875F11EBA5E2D7880E8DE7D4),
        (0x2C6791C0875F11EBA5E2D7880E8DE7D4, 0x5C13DAA0875F11EBA5E2D7880E8DE7D4),
        (0x2C6791C0875F11EBA5E2D7880E8DE7D4, 0x5C7B9D20875F11EBA5E2D7880E8DE7D4),
        (0x2C6791C0875F11EBA5E2D7880E8DE7D4, 0x5D53D4B0875F11EBA5E2D7880E8DE7D4),
        (0x2C6791C0875F11EBA5E2D7880E8DE7D4, 0x5DC77E10875F11EBA5E2D7880E8DE7D4),
        (0x2C6791C0875F11EBA5E2D7880E8DE7D4, 0x5E307910875F11EBA5E2D7880E8DE7D4),
        (0x2C6791C0875F11EBA5E2D7880E8DE7D4, 0x5E9D1D90875F11EBA5E2D7880E8DE7D4),
        (0x2C6791C0875F11EBA5E2D7880E8DE7D4, 0x5F063FA0875F11EBA5E2D7880E8DE7D4),
        (0x2C6791C0875F11EBA5E2D7880E8DE7D4, 0x5F713670875F11EBA5E2D7880E8DE7D4),
        (0x2C6791C0875F11EBA5E2D7880E8DE7D4, 0x5FDDB3E0875F11EBA5E2D7880E8DE7D4),
        (0x2C6791C0875F11EBA5E2D7880E8DE7D4, 0x604612A0875F11EBA5E2D7880E8DE7D4),
        (0x2C6791C0875F11EBA5E2D7880E8DE7D4, 0x60B723F0875F11EBA5E2D7880E8DE7D4),
        (0x2C6791C0875F11EBA5E2D7880E8DE7D4, 0x612DB380875F11EBA5E2D7880E8DE7D4),
        (0x2C6791C0875F11EBA5E2D7880E8DE7D4, 0x61A02460875F11EBA5E2D7880E8DE7D4),
        (0x2C6791C0875F11EBA5E2D7880E8DE7D4, 0x627C5390875F11EBA5E2D7880E8DE7D4),
        (0x2C6791C0875F11EBA5E2D7880E8DE7D4, 0x62EC5370875F11EBA5E2D7880E8DE7D4),
        (0x2C6791C0875F11EBA5E2D7880E8DE7D4, 0x634B1540875F11EBA5E2D7880E8DE7D4),
        (0x2C6791C0875F11EBA5E2D7880E8DE7D4, 0x63AFA370875F11EBA5E2D7880E8DE7D4),
        (0x2C6791C0875F11EBA5E2D7880E8DE7D4, 0x64840A70875F11EBA5E2D7880E8DE7D4),
        (0x2C691860875F11EBA5E2D7880E8DE7D4, 0x31069550875F11EBA5E2D7880E8DE7D4),
        (0x2C691860875F11EBA5E2D7880E8DE7D4, 0x37EC7BA0875F11EBA5E2D7880E8DE7D4),
        (0x2C691860875F11EBA5E2D7880E8DE7D4, 0x3B3983C0875F11EBA5E2D7880E8DE7D4),
        (0x2C691860875F11EBA5E2D7880E8DE7D4, 0x48C70EE0875F11EBA5E2D7880E8DE7D4),
        (0x2C691860875F11EBA5E2D7880E8DE7D4, 0x4B44B910875F11EBA5E2D7880E8DE7D4),
        (0x2C691860875F11EBA5E2D7880E8DE7D4, 0x5018AF50875F11EBA5E2D7880E8DE7D4),
        (0x2C6A9F00875F11EBA5E2D7880E8DE7D4, 0x2CF97180875F11EBA5E2D7880E8DE7D4),
        (0x2C6A9F00875F11EBA5E2D7880E8DE7D4, 0x2D6D1AE0875F11EBA5E2D7880E8DE7D4),
        (0x2C6A9F00875F11EBA5E2D7880E8DE7D4, 0x2DDCF3B0875F11EBA5E2D7880E8DE7D4),
        (0x2C6A9F00875F11EBA5E2D7880E8DE7D4, 0x2E67A780875F11EBA5E2D7880E8DE7D4),
        (0x2C6A9F00875F11EBA5E2D7880E8DE7D4, 0x2EE478A0875F11EBA5E2D7880E8DE7D4),
        (0x2C6A9F00875F11EBA5E2D7880E8DE7D4, 0x2F7BAF90875F11EBA5E2D7880E8DE7D4),
        (0x2C6A9F00875F11EBA5E2D7880E8DE7D4, 0x2FF8CED0875F11EBA5E2D7880E8DE7D4),
        (0x2C6A9F00875F11EBA5E2D7880E8DE7D4, 0x306C9F40875F11EBA5E2D7880E8DE7D4),
        (0x2C6A9F00875F11EBA5E2D7880E8DE7D4, 0x31762000875F11EBA5E2D7880E8DE7D4),
        (0x2C6A9F00875F11EBA5E2D7880E8DE7D4, 0x31FF2620875F11EBA5E2D7880E8DE7D4),
        (0x2C6A9F00875F11EBA5E2D7880E8DE7D4, 0x32A180A0875F11EBA5E2D7880E8DE7D4),
        (0x2C6A9F00875F11EBA5E2D7880E8DE7D4, 0x333F6E50875F11EBA5E2D7880E8DE7D4),
        (0x2C6A9F00875F11EBA5E2D7880E8DE7D4, 0x33B7AB90875F11EBA5E2D7880E8DE7D4),
        (0x2C6A9F00875F11EBA5E2D7880E8DE7D4, 0x342E3B20875F11EBA5E2D7880E8DE7D4),
        (0x2C6A9F00875F11EBA5E2D7880E8DE7D4, 0x34ABA880875F11EBA5E2D7880E8DE7D4),
        (0x2C6A9F00875F11EBA5E2D7880E8DE7D4, 0x351FA000875F11EBA5E2D7880E8DE7D4),
        (0x2C6A9F00875F11EBA5E2D7880E8DE7D4, 0x35AA2CC0875F11EBA5E2D7880E8DE7D4),
        (0x2C6A9F00875F11EBA5E2D7880E8DE7D4, 0x362A8050875F11EBA5E2D7880E8DE7D4),
        (0x2C6A9F00875F11EBA5E2D7880E8DE7D4, 0x369B4380875F11EBA5E2D7880E8DE7D4),
        (0x2C6A9F00875F11EBA5E2D7880E8DE7D4, 0x370A31F0875F11EBA5E2D7880E8DE7D4),
        (0x2C6A9F00875F11EBA5E2D7880E8DE7D4, 0x37748C80875F11EBA5E2D7880E8DE7D4),
        (0x2C6A9F00875F11EBA5E2D7880E8DE7D4, 0x38566100875F11EBA5E2D7880E8DE7D4),
        (0x2C6A9F00875F11EBA5E2D7880E8DE7D4, 0x38CB69F0875F11EBA5E2D7880E8DE7D4),
        (0x2C6A9F00875F11EBA5E2D7880E8DE7D4, 0x395114B0875F11EBA5E2D7880E8DE7D4),
        (0x2C6A9F00875F11EBA5E2D7880E8DE7D4, 0x39CA6360875F11EBA5E2D7880E8DE7D4),
        (0x2C6A9F00875F11EBA5E2D7880E8DE7D4, 0x3A4FE710875F11EBA5E2D7880E8DE7D4),
        (0x2C6A9F00875F11EBA5E2D7880E8DE7D4, 0x3AC39070875F11EBA5E2D7880E8DE7D4),
        (0x2C6A9F00875F11EBA5E2D7880E8DE7D4, 0x3BAF9E20875F11EBA5E2D7880E8DE7D4),
        (0x2C6A9F00875F11EBA5E2D7880E8DE7D4, 0x3C1F28D0875F11EBA5E2D7880E8DE7D4),
        (0x2C6A9F00875F11EBA5E2D7880E8DE7D4, 0x3C95DF70875F11EBA5E2D7880E8DE7D4),
        (0x2C6A9F00875F11EBA5E2D7880E8DE7D4, 0x3D04A6D0875F11EBA5E2D7880E8DE7D4),
        (0x2C6A9F00875F11EBA5E2D7880E8DE7D4, 0x3D6A4670875F11EBA5E2D7880E8DE7D4),
        (0x2C6A9F00875F11EBA5E2D7880E8DE7D4, 0x3DD193C0875F11EBA5E2D7880E8DE7D4),
        (0x2C6A9F00875F11EBA5E2D7880E8DE7D4, 0x3E37A890875F11EBA5E2D7880E8DE7D4),
        (0x2C6A9F00875F11EBA5E2D7880E8DE7D4, 0x3E9E3290875F11EBA5E2D7880E8DE7D4),
        (0x2C6A9F00875F11EBA5E2D7880E8DE7D4, 0x3F15AC80875F11EBA5E2D7880E8DE7D4),
        (0x2C6A9F00875F11EBA5E2D7880E8DE7D4, 0x3F80CA60875F11EBA5E2D7880E8DE7D4),
        (0x2C6A9F00875F11EBA5E2D7880E8DE7D4, 0x3FEA61A0875F11EBA5E2D7880E8DE7D4),
        (0x2C6A9F00875F11EBA5E2D7880E8DE7D4, 0x4053D1D0875F11EBA5E2D7880E8DE7D4),
        (0x2C6A9F00875F11EBA5E2D7880E8DE7D4, 0x40C61BA0875F11EBA5E2D7880E8DE7D4),
        (0x2C6A9F00875F11EBA5E2D7880E8DE7D4, 0x41381750875F11EBA5E2D7880E8DE7D4),
        (0x2C6A9F00875F11EBA5E2D7880E8DE7D4, 0x421F1BF0875F11EBA5E2D7880E8DE7D4),
        (0x2C6A9F00875F11EBA5E2D7880E8DE7D4, 0x42877AB0875F11EBA5E2D7880E8DE7D4),
        (0x2C6A9F00875F11EBA5E2D7880E8DE7D4, 0x42F13900875F11EBA5E2D7880E8DE7D4),
        (0x2C6A9F00875F11EBA5E2D7880E8DE7D4, 0x43627160875F11EBA5E2D7880E8DE7D4),
        (0x2C6A9F00875F11EBA5E2D7880E8DE7D4, 0x43C9E5C0875F11EBA5E2D7880E8DE7D4),
        (0x2C6A9F00875F11EBA5E2D7880E8DE7D4, 0x4436FF70875F11EBA5E2D7880E8DE7D4),
        (0x2C6A9F00875F11EBA5E2D7880E8DE7D4, 0x450D8950875F11EBA5E2D7880E8DE7D4),
        (0x2C6A9F00875F11EBA5E2D7880E8DE7D4, 0x457301E0875F11EBA5E2D7880E8DE7D4),
        (0x2C6A9F00875F11EBA5E2D7880E8DE7D4, 0x45E2B3A0875F11EBA5E2D7880E8DE7D4),
        (0x2C6A9F00875F11EBA5E2D7880E8DE7D4, 0x464F7F30875F11EBA5E2D7880E8DE7D4),
        (0x2C6A9F00875F11EBA5E2D7880E8DE7D4, 0x46BCBFF0875F11EBA5E2D7880E8DE7D4),
        (0x2C6A9F00875F11EBA5E2D7880E8DE7D4, 0x4724F7A0875F11EBA5E2D7880E8DE7D4),
        (0x2C6A9F00875F11EBA5E2D7880E8DE7D4, 0x47917510875F11EBA5E2D7880E8DE7D4),
        (0x2C6A9F00875F11EBA5E2D7880E8DE7D4, 0x47F762D0875F11EBA5E2D7880E8DE7D4),
        (0x2C6A9F00875F11EBA5E2D7880E8DE7D4, 0x4860ABF0875F11EBA5E2D7880E8DE7D4),
        (0x2C6A9F00875F11EBA5E2D7880E8DE7D4, 0x4935AF30875F11EBA5E2D7880E8DE7D4),
        (0x2C6A9F00875F11EBA5E2D7880E8DE7D4, 0x499AD9A0875F11EBA5E2D7880E8DE7D4),
        (0x2C6A9F00875F11EBA5E2D7880E8DE7D4, 0x49FD6C00875F11EBA5E2D7880E8DE7D4),
        (0x2C6A9F00875F11EBA5E2D7880E8DE7D4, 0x4A6EA460875F11EBA5E2D7880E8DE7D4),
        (0x2C6A9F00875F11EBA5E2D7880E8DE7D4, 0x4ADB21D0875F11EBA5E2D7880E8DE7D4),
        (0x2C6A9F00875F11EBA5E2D7880E8DE7D4, 0x4C1EEC70875F11EBA5E2D7880E8DE7D4),
        (0x2C6A9F00875F11EBA5E2D7880E8DE7D4, 0x4C9220A0875F11EBA5E2D7880E8DE7D4),
        (0x2C6A9F00875F11EBA5E2D7880E8DE7D4, 0x4D0777B0875F11EBA5E2D7880E8DE7D4),
        (0x2C6A9F00875F11EBA5E2D7880E8DE7D4, 0x4D80ED70875F11EBA5E2D7880E8DE7D4),
        (0x2C6A9F00875F11EBA5E2D7880E8DE7D4, 0x4DEE0720875F11EBA5E2D7880E8DE7D4),
        (0x2C6A9F00875F11EBA5E2D7880E8DE7D4, 0x4E5EF160875F11EBA5E2D7880E8DE7D4),
        (0x2C6A9F00875F11EBA5E2D7880E8DE7D4, 0x4ECB6ED0875F11EBA5E2D7880E8DE7D4),
        (0x2C6A9F00875F11EBA5E2D7880E8DE7D4, 0x4F30E760875F11EBA5E2D7880E8DE7D4),
        (0x2C6A9F00875F11EBA5E2D7880E8DE7D4, 0x4FA972C0875F11EBA5E2D7880E8DE7D4),
        (0x2C6A9F00875F11EBA5E2D7880E8DE7D4, 0x5079BB10875F11EBA5E2D7880E8DE7D4),
        (0x2C6A9F00875F11EBA5E2D7880E8DE7D4, 0x514F3380875F11EBA5E2D7880E8DE7D4),
        (0x2C6A9F00875F11EBA5E2D7880E8DE7D4, 0x523CEEE0875F11EBA5E2D7880E8DE7D4),
        (0x2C6A9F00875F11EBA5E2D7880E8DE7D4, 0x52ACEEC0875F11EBA5E2D7880E8DE7D4),
        (0x2C6A9F00875F11EBA5E2D7880E8DE7D4, 0x53141500875F11EBA5E2D7880E8DE7D4),
        (0x2C6A9F00875F11EBA5E2D7880E8DE7D4, 0x538CA060875F11EBA5E2D7880E8DE7D4),
        (0x2C6A9F00875F11EBA5E2D7880E8DE7D4, 0x53F462E0875F11EBA5E2D7880E8DE7D4),
        (0x2C6A9F00875F11EBA5E2D7880E8DE7D4, 0x54661070875F11EBA5E2D7880E8DE7D4),
        (0x2C6A9F00875F11EBA5E2D7880E8DE7D4, 0x55396600875F11EBA5E2D7880E8DE7D4),
        (0x2C6A9F00875F11EBA5E2D7880E8DE7D4, 0x55A85470875F11EBA5E2D7880E8DE7D4),
        (0x2C6A9F00875F11EBA5E2D7880E8DE7D4, 0x56254CA0875F11EBA5E2D7880E8DE7D4),
        (0x2C6A9F00875F11EBA5E2D7880E8DE7D4, 0x56917BF0875F11EBA5E2D7880E8DE7D4),
        (0x2C6A9F00875F11EBA5E2D7880E8DE7D4, 0x57048910875F11EBA5E2D7880E8DE7D4),
        (0x2C6A9F00875F11EBA5E2D7880E8DE7D4, 0x5779B910875F11EBA5E2D7880E8DE7D4),
        (0x2C6A9F00875F11EBA5E2D7880E8DE7D4, 0x57DCC0A0875F11EBA5E2D7880E8DE7D4),
        (0x2C6A9F00875F11EBA5E2D7880E8DE7D4, 0x58892D40875F11EBA5E2D7880E8DE7D4),
        (0x2C6A9F00875F11EBA5E2D7880E8DE7D4, 0x58F53580875F11EBA5E2D7880E8DE7D4),
        (0x2C6A9F00875F11EBA5E2D7880E8DE7D4, 0x598A4990875F11EBA5E2D7880E8DE7D4),
        (0x2C6A9F00875F11EBA5E2D7880E8DE7D4, 0x59F8C2D0875F11EBA5E2D7880E8DE7D4),
        (0x2C6A9F00875F11EBA5E2D7880E8DE7D4, 0x5A76A560875F11EBA5E2D7880E8DE7D4),
        (0x2C6A9F00875F11EBA5E2D7880E8DE7D4, 0x5B0FB110875F11EBA5E2D7880E8DE7D4),
        (0x2C6A9F00875F11EBA5E2D7880E8DE7D4, 0x5B9311E0875F11EBA5E2D7880E8DE7D4),
        (0x2C6A9F00875F11EBA5E2D7880E8DE7D4, 0x5C13DAA0875F11EBA5E2D7880E8DE7D4),
        (0x2C6A9F00875F11EBA5E2D7880E8DE7D4, 0x5C7B9D20875F11EBA5E2D7880E8DE7D4),
        (0x2C6A9F00875F11EBA5E2D7880E8DE7D4, 0x5CE07970875F11EBA5E2D7880E8DE7D4),
        (0x2C6A9F00875F11EBA5E2D7880E8DE7D4, 0x5D53D4B0875F11EBA5E2D7880E8DE7D4),
        (0x2C6A9F00875F11EBA5E2D7880E8DE7D4, 0x5DC77E10875F11EBA5E2D7880E8DE7D4),
        (0x2C6A9F00875F11EBA5E2D7880E8DE7D4, 0x5E307910875F11EBA5E2D7880E8DE7D4),
        (0x2C6A9F00875F11EBA5E2D7880E8DE7D4, 0x5F713670875F11EBA5E2D7880E8DE7D4),
        (0x2C6A9F00875F11EBA5E2D7880E8DE7D4, 0x5FDDB3E0875F11EBA5E2D7880E8DE7D4),
        (0x2C6A9F00875F11EBA5E2D7880E8DE7D4, 0x604612A0875F11EBA5E2D7880E8DE7D4),
        (0x2C6A9F00875F11EBA5E2D7880E8DE7D4, 0x612DB380875F11EBA5E2D7880E8DE7D4),
        (0x2C6A9F00875F11EBA5E2D7880E8DE7D4, 0x61A02460875F11EBA5E2D7880E8DE7D4),
        (0x2C6A9F00875F11EBA5E2D7880E8DE7D4, 0x6211D1F0875F11EBA5E2D7880E8DE7D4),
        (0x2C6A9F00875F11EBA5E2D7880E8DE7D4, 0x627C5390875F11EBA5E2D7880E8DE7D4),
        (0x2C6A9F00875F11EBA5E2D7880E8DE7D4, 0x62EC5370875F11EBA5E2D7880E8DE7D4),
        (0x2C6A9F00875F11EBA5E2D7880E8DE7D4, 0x634B1540875F11EBA5E2D7880E8DE7D4),
        (0x2C6A9F00875F11EBA5E2D7880E8DE7D4, 0x63AFA370875F11EBA5E2D7880E8DE7D4),
        (0x2C6A9F00875F11EBA5E2D7880E8DE7D4, 0x641D5960875F11EBA5E2D7880E8DE7D4),
        (0x2C6C4CB0875F11EBA5E2D7880E8DE7D4, 0x2CF97180875F11EBA5E2D7880E8DE7D4),
        (0x2C6C4CB0875F11EBA5E2D7880E8DE7D4, 0x2D6D1AE0875F11EBA5E2D7880E8DE7D4),
        (0x2C6C4CB0875F11EBA5E2D7880E8DE7D4, 0x2DDCF3B0875F11EBA5E2D7880E8DE7D4),
        (0x2C6C4CB0875F11EBA5E2D7880E8DE7D4, 0x2E67A780875F11EBA5E2D7880E8DE7D4),
        (0x2C6C4CB0875F11EBA5E2D7880E8DE7D4, 0x2EE478A0875F11EBA5E2D7880E8DE7D4),
        (0x2C6C4CB0875F11EBA5E2D7880E8DE7D4, 0x2F7BAF90875F11EBA5E2D7880E8DE7D4),
        (0x2C6C4CB0875F11EBA5E2D7880E8DE7D4, 0x2FF8CED0875F11EBA5E2D7880E8DE7D4),
        (0x2C6C4CB0875F11EBA5E2D7880E8DE7D4, 0x306C9F40875F11EBA5E2D7880E8DE7D4),
        (0x2C6C4CB0875F11EBA5E2D7880E8DE7D4, 0x31762000875F11EBA5E2D7880E8DE7D4),
        (0x2C6C4CB0875F11EBA5E2D7880E8DE7D4, 0x31FF2620875F11EBA5E2D7880E8DE7D4),
        (0x2C6C4CB0875F11EBA5E2D7880E8DE7D4, 0x32A180A0875F11EBA5E2D7880E8DE7D4),
        (0x2C6C4CB0875F11EBA5E2D7880E8DE7D4, 0x333F6E50875F11EBA5E2D7880E8DE7D4),
        (0x2C6C4CB0875F11EBA5E2D7880E8DE7D4, 0x33B7AB90875F11EBA5E2D7880E8DE7D4),
        (0x2C6C4CB0875F11EBA5E2D7880E8DE7D4, 0x342E3B20875F11EBA5E2D7880E8DE7D4),
        (0x2C6C4CB0875F11EBA5E2D7880E8DE7D4, 0x34ABA880875F11EBA5E2D7880E8DE7D4),
        (0x2C6C4CB0875F11EBA5E2D7880E8DE7D4, 0x351FA000875F11EBA5E2D7880E8DE7D4),
        (0x2C6C4CB0875F11EBA5E2D7880E8DE7D4, 0x35AA2CC0875F11EBA5E2D7880E8DE7D4),
        (0x2C6C4CB0875F11EBA5E2D7880E8DE7D4, 0x362A8050875F11EBA5E2D7880E8DE7D4),
        (0x2C6C4CB0875F11EBA5E2D7880E8DE7D4, 0x369B4380875F11EBA5E2D7880E8DE7D4),
        (0x2C6C4CB0875F11EBA5E2D7880E8DE7D4, 0x370A31F0875F11EBA5E2D7880E8DE7D4),
        (0x2C6C4CB0875F11EBA5E2D7880E8DE7D4, 0x37748C80875F11EBA5E2D7880E8DE7D4),
        (0x2C6C4CB0875F11EBA5E2D7880E8DE7D4, 0x38566100875F11EBA5E2D7880E8DE7D4),
        (0x2C6C4CB0875F11EBA5E2D7880E8DE7D4, 0x38CB69F0875F11EBA5E2D7880E8DE7D4),
        (0x2C6C4CB0875F11EBA5E2D7880E8DE7D4, 0x395114B0875F11EBA5E2D7880E8DE7D4),
        (0x2C6C4CB0875F11EBA5E2D7880E8DE7D4, 0x39CA6360875F11EBA5E2D7880E8DE7D4),
        (0x2C6C4CB0875F11EBA5E2D7880E8DE7D4, 0x3A4FE710875F11EBA5E2D7880E8DE7D4),
        (0x2C6C4CB0875F11EBA5E2D7880E8DE7D4, 0x3AC39070875F11EBA5E2D7880E8DE7D4),
        (0x2C6C4CB0875F11EBA5E2D7880E8DE7D4, 0x3BAF9E20875F11EBA5E2D7880E8DE7D4),
        (0x2C6C4CB0875F11EBA5E2D7880E8DE7D4, 0x3C1F28D0875F11EBA5E2D7880E8DE7D4),
        (0x2C6C4CB0875F11EBA5E2D7880E8DE7D4, 0x3C95DF70875F11EBA5E2D7880E8DE7D4),
        (0x2C6C4CB0875F11EBA5E2D7880E8DE7D4, 0x3D6A4670875F11EBA5E2D7880E8DE7D4),
        (0x2C6C4CB0875F11EBA5E2D7880E8DE7D4, 0x3DD193C0875F11EBA5E2D7880E8DE7D4),
        (0x2C6C4CB0875F11EBA5E2D7880E8DE7D4, 0x3E37A890875F11EBA5E2D7880E8DE7D4),
        (0x2C6C4CB0875F11EBA5E2D7880E8DE7D4, 0x3E9E3290875F11EBA5E2D7880E8DE7D4),
        (0x2C6C4CB0875F11EBA5E2D7880E8DE7D4, 0x3F15AC80875F11EBA5E2D7880E8DE7D4),
        (0x2C6C4CB0875F11EBA5E2D7880E8DE7D4, 0x3FEA61A0875F11EBA5E2D7880E8DE7D4),
        (0x2C6C4CB0875F11EBA5E2D7880E8DE7D4, 0x4053D1D0875F11EBA5E2D7880E8DE7D4),
        (0x2C6C4CB0875F11EBA5E2D7880E8DE7D4, 0x40C61BA0875F11EBA5E2D7880E8DE7D4),
        (0x2C6C4CB0875F11EBA5E2D7880E8DE7D4, 0x41381750875F11EBA5E2D7880E8DE7D4),
        (0x2C6C4CB0875F11EBA5E2D7880E8DE7D4, 0x41B86AE0875F11EBA5E2D7880E8DE7D4),
        (0x2C6C4CB0875F11EBA5E2D7880E8DE7D4, 0x421F1BF0875F11EBA5E2D7880E8DE7D4),
        (0x2C6C4CB0875F11EBA5E2D7880E8DE7D4, 0x42F13900875F11EBA5E2D7880E8DE7D4),
        (0x2C6C4CB0875F11EBA5E2D7880E8DE7D4, 0x43627160875F11EBA5E2D7880E8DE7D4),
        (0x2C6C4CB0875F11EBA5E2D7880E8DE7D4, 0x43C9E5C0875F11EBA5E2D7880E8DE7D4),
        (0x2C6C4CB0875F11EBA5E2D7880E8DE7D4, 0x4436FF70875F11EBA5E2D7880E8DE7D4),
        (0x2C6C4CB0875F11EBA5E2D7880E8DE7D4, 0x44A2B990875F11EBA5E2D7880E8DE7D4),
        (0x2C6C4CB0875F11EBA5E2D7880E8DE7D4, 0x450D8950875F11EBA5E2D7880E8DE7D4),
        (0x2C6C4CB0875F11EBA5E2D7880E8DE7D4, 0x457301E0875F11EBA5E2D7880E8DE7D4),
        (0x2C6C4CB0875F11EBA5E2D7880E8DE7D4, 0x45E2B3A0875F11EBA5E2D7880E8DE7D4),
        (0x2C6C4CB0875F11EBA5E2D7880E8DE7D4, 0x464F7F30875F11EBA5E2D7880E8DE7D4),
        (0x2C6C4CB0875F11EBA5E2D7880E8DE7D4, 0x46BCBFF0875F11EBA5E2D7880E8DE7D4),
        (0x2C6C4CB0875F11EBA5E2D7880E8DE7D4, 0x4724F7A0875F11EBA5E2D7880E8DE7D4),
        (0x2C6C4CB0875F11EBA5E2D7880E8DE7D4, 0x47917510875F11EBA5E2D7880E8DE7D4),
        (0x2C6C4CB0875F11EBA5E2D7880E8DE7D4, 0x47F762D0875F11EBA5E2D7880E8DE7D4),
        (0x2C6C4CB0875F11EBA5E2D7880E8DE7D4, 0x4935AF30875F11EBA5E2D7880E8DE7D4),
        (0x2C6C4CB0875F11EBA5E2D7880E8DE7D4, 0x499AD9A0875F11EBA5E2D7880E8DE7D4),
        (0x2C6C4CB0875F11EBA5E2D7880E8DE7D4, 0x49FD6C00875F11EBA5E2D7880E8DE7D4),
        (0x2C6C4CB0875F11EBA5E2D7880E8DE7D4, 0x4A6EA460875F11EBA5E2D7880E8DE7D4),
        (0x2C6C4CB0875F11EBA5E2D7880E8DE7D4, 0x4ADB21D0875F11EBA5E2D7880E8DE7D4),
        (0x2C6C4CB0875F11EBA5E2D7880E8DE7D4, 0x4BAD65F0875F11EBA5E2D7880E8DE7D4),
        (0x2C6C4CB0875F11EBA5E2D7880E8DE7D4, 0x4C1EEC70875F11EBA5E2D7880E8DE7D4),
        (0x2C6C4CB0875F11EBA5E2D7880E8DE7D4, 0x4C9220A0875F11EBA5E2D7880E8DE7D4),
        (0x2C6C4CB0875F11EBA5E2D7880E8DE7D4, 0x4D0777B0875F11EBA5E2D7880E8DE7D4),
        (0x2C6C4CB0875F11EBA5E2D7880E8DE7D4, 0x4D80ED70875F11EBA5E2D7880E8DE7D4),
        (0x2C6C4CB0875F11EBA5E2D7880E8DE7D4, 0x4DEE0720875F11EBA5E2D7880E8DE7D4),
        (0x2C6C4CB0875F11EBA5E2D7880E8DE7D4, 0x4E5EF160875F11EBA5E2D7880E8DE7D4),
        (0x2C6C4CB0875F11EBA5E2D7880E8DE7D4, 0x4ECB6ED0875F11EBA5E2D7880E8DE7D4),
        (0x2C6C4CB0875F11EBA5E2D7880E8DE7D4, 0x4F30E760875F11EBA5E2D7880E8DE7D4),
        (0x2C6C4CB0875F11EBA5E2D7880E8DE7D4, 0x4FA972C0875F11EBA5E2D7880E8DE7D4),
        (0x2C6C4CB0875F11EBA5E2D7880E8DE7D4, 0x5079BB10875F11EBA5E2D7880E8DE7D4),
        (0x2C6C4CB0875F11EBA5E2D7880E8DE7D4, 0x50E3EE90875F11EBA5E2D7880E8DE7D4),
        (0x2C6C4CB0875F11EBA5E2D7880E8DE7D4, 0x514F3380875F11EBA5E2D7880E8DE7D4),
        (0x2C6C4CB0875F11EBA5E2D7880E8DE7D4, 0x51D5C8A0875F11EBA5E2D7880E8DE7D4),
        (0x2C6C4CB0875F11EBA5E2D7880E8DE7D4, 0x523CEEE0875F11EBA5E2D7880E8DE7D4),
        (0x2C6C4CB0875F11EBA5E2D7880E8DE7D4, 0x52ACEEC0875F11EBA5E2D7880E8DE7D4),
        (0x2C6C4CB0875F11EBA5E2D7880E8DE7D4, 0x53141500875F11EBA5E2D7880E8DE7D4),
        (0x2C6C4CB0875F11EBA5E2D7880E8DE7D4, 0x538CA060875F11EBA5E2D7880E8DE7D4),
        (0x2C6C4CB0875F11EBA5E2D7880E8DE7D4, 0x53F462E0875F11EBA5E2D7880E8DE7D4),
        (0x2C6C4CB0875F11EBA5E2D7880E8DE7D4, 0x54661070875F11EBA5E2D7880E8DE7D4),
        (0x2C6C4CB0875F11EBA5E2D7880E8DE7D4, 0x54D10740875F11EBA5E2D7880E8DE7D4),
        (0x2C6C4CB0875F11EBA5E2D7880E8DE7D4, 0x55396600875F11EBA5E2D7880E8DE7D4),
        (0x2C6C4CB0875F11EBA5E2D7880E8DE7D4, 0x55A85470875F11EBA5E2D7880E8DE7D4),
        (0x2C6C4CB0875F11EBA5E2D7880E8DE7D4, 0x56254CA0875F11EBA5E2D7880E8DE7D4),
        (0x2C6C4CB0875F11EBA5E2D7880E8DE7D4, 0x56917BF0875F11EBA5E2D7880E8DE7D4),
        (0x2C6C4CB0875F11EBA5E2D7880E8DE7D4, 0x57048910875F11EBA5E2D7880E8DE7D4),
        (0x2C6C4CB0875F11EBA5E2D7880E8DE7D4, 0x5779B910875F11EBA5E2D7880E8DE7D4),
        (0x2C6C4CB0875F11EBA5E2D7880E8DE7D4, 0x57DCC0A0875F11EBA5E2D7880E8DE7D4),
        (0x2C6C4CB0875F11EBA5E2D7880E8DE7D4, 0x58892D40875F11EBA5E2D7880E8DE7D4),
        (0x2C6C4CB0875F11EBA5E2D7880E8DE7D4, 0x58F53580875F11EBA5E2D7880E8DE7D4),
        (0x2C6C4CB0875F11EBA5E2D7880E8DE7D4, 0x598A4990875F11EBA5E2D7880E8DE7D4),
        (0x2C6C4CB0875F11EBA5E2D7880E8DE7D4, 0x59F8C2D0875F11EBA5E2D7880E8DE7D4),
        (0x2C6C4CB0875F11EBA5E2D7880E8DE7D4, 0x5A76A560875F11EBA5E2D7880E8DE7D4),
        (0x2C6C4CB0875F11EBA5E2D7880E8DE7D4, 0x5B0FB110875F11EBA5E2D7880E8DE7D4),
        (0x2C6C4CB0875F11EBA5E2D7880E8DE7D4, 0x5B9311E0875F11EBA5E2D7880E8DE7D4),
        (0x2C6C4CB0875F11EBA5E2D7880E8DE7D4, 0x5C13DAA0875F11EBA5E2D7880E8DE7D4),
        (0x2C6C4CB0875F11EBA5E2D7880E8DE7D4, 0x5C7B9D20875F11EBA5E2D7880E8DE7D4),
        (0x2C6C4CB0875F11EBA5E2D7880E8DE7D4, 0x5D53D4B0875F11EBA5E2D7880E8DE7D4),
        (0x2C6C4CB0875F11EBA5E2D7880E8DE7D4, 0x5DC77E10875F11EBA5E2D7880E8DE7D4),
        (0x2C6C4CB0875F11EBA5E2D7880E8DE7D4, 0x5E307910875F11EBA5E2D7880E8DE7D4),
        (0x2C6C4CB0875F11EBA5E2D7880E8DE7D4, 0x5E9D1D90875F11EBA5E2D7880E8DE7D4),
        (0x2C6C4CB0875F11EBA5E2D7880E8DE7D4, 0x5F063FA0875F11EBA5E2D7880E8DE7D4),
        (0x2C6C4CB0875F11EBA5E2D7880E8DE7D4, 0x5F713670875F11EBA5E2D7880E8DE7D4),
        (0x2C6C4CB0875F11EBA5E2D7880E8DE7D4, 0x5FDDB3E0875F11EBA5E2D7880E8DE7D4),
        (0x2C6C4CB0875F11EBA5E2D7880E8DE7D4, 0x604612A0875F11EBA5E2D7880E8DE7D4),
        (0x2C6C4CB0875F11EBA5E2D7880E8DE7D4, 0x60B723F0875F11EBA5E2D7880E8DE7D4),
        (0x2C6C4CB0875F11EBA5E2D7880E8DE7D4, 0x612DB380875F11EBA5E2D7880E8DE7D4),
        (0x2C6C4CB0875F11EBA5E2D7880E8DE7D4, 0x61A02460875F11EBA5E2D7880E8DE7D4),
        (0x2C6C4CB0875F11EBA5E2D7880E8DE7D4, 0x627C5390875F11EBA5E2D7880E8DE7D4),
        (0x2C6C4CB0875F11EBA5E2D7880E8DE7D4, 0x634B1540875F11EBA5E2D7880E8DE7D4),
        (0x2C6C4CB0875F11EBA5E2D7880E8DE7D4, 0x63AFA370875F11EBA5E2D7880E8DE7D4),
        (0x2C6C4CB0875F11EBA5E2D7880E8DE7D4, 0x641D5960875F11EBA5E2D7880E8DE7D4),
        (0x2C6C4CB0875F11EBA5E2D7880E8DE7D4, 0x64840A70875F11EBA5E2D7880E8DE7D4),
        (0x2C6D8530875F11EBA5E2D7880E8DE7D4, 0x2D6D1AE0875F11EBA5E2D7880E8DE7D4),
        (0x2C6D8530875F11EBA5E2D7880E8DE7D4, 0x2DDCF3B0875F11EBA5E2D7880E8DE7D4),
        (0x2C6D8530875F11EBA5E2D7880E8DE7D4, 0x31762000875F11EBA5E2D7880E8DE7D4),
        (0x2C6D8530875F11EBA5E2D7880E8DE7D4, 0x31FF2620875F11EBA5E2D7880E8DE7D4),
        (0x2C6D8530875F11EBA5E2D7880E8DE7D4, 0x32A180A0875F11EBA5E2D7880E8DE7D4),
        (0x2C6D8530875F11EBA5E2D7880E8DE7D4, 0x33B7AB90875F11EBA5E2D7880E8DE7D4),
        (0x2C6D8530875F11EBA5E2D7880E8DE7D4, 0x34ABA880875F11EBA5E2D7880E8DE7D4),
        (0x2C6D8530875F11EBA5E2D7880E8DE7D4, 0x351FA000875F11EBA5E2D7880E8DE7D4),
        (0x2C6D8530875F11EBA5E2D7880E8DE7D4, 0x35AA2CC0875F11EBA5E2D7880E8DE7D4),
        (0x2C6D8530875F11EBA5E2D7880E8DE7D4, 0x362A8050875F11EBA5E2D7880E8DE7D4),
        (0x2C6D8530875F11EBA5E2D7880E8DE7D4, 0x369B4380875F11EBA5E2D7880E8DE7D4),
        (0x2C6D8530875F11EBA5E2D7880E8DE7D4, 0x395114B0875F11EBA5E2D7880E8DE7D4),
        (0x2C6D8530875F11EBA5E2D7880E8DE7D4, 0x39CA6360875F11EBA5E2D7880E8DE7D4),
        (0x2C6D8530875F11EBA5E2D7880E8DE7D4, 0x3A4FE710875F11EBA5E2D7880E8DE7D4),
        (0x2C6D8530875F11EBA5E2D7880E8DE7D4, 0x3AC39070875F11EBA5E2D7880E8DE7D4),
        (0x2C6D8530875F11EBA5E2D7880E8DE7D4, 0x3BAF9E20875F11EBA5E2D7880E8DE7D4),
        (0x2C6D8530875F11EBA5E2D7880E8DE7D4, 0x3C1F28D0875F11EBA5E2D7880E8DE7D4),
        (0x2C6D8530875F11EBA5E2D7880E8DE7D4, 0x3C95DF70875F11EBA5E2D7880E8DE7D4),
        (0x2C6D8530875F11EBA5E2D7880E8DE7D4, 0x3D6A4670875F11EBA5E2D7880E8DE7D4),
        (0x2C6D8530875F11EBA5E2D7880E8DE7D4, 0x3DD193C0875F11EBA5E2D7880E8DE7D4),
        (0x2C6D8530875F11EBA5E2D7880E8DE7D4, 0x3E37A890875F11EBA5E2D7880E8DE7D4),
        (0x2C6D8530875F11EBA5E2D7880E8DE7D4, 0x3E9E3290875F11EBA5E2D7880E8DE7D4),
        (0x2C6D8530875F11EBA5E2D7880E8DE7D4, 0x3F15AC80875F11EBA5E2D7880E8DE7D4),
        (0x2C6D8530875F11EBA5E2D7880E8DE7D4, 0x3FEA61A0875F11EBA5E2D7880E8DE7D4),
        (0x2C6D8530875F11EBA5E2D7880E8DE7D4, 0x4053D1D0875F11EBA5E2D7880E8DE7D4),
        (0x2C6D8530875F11EBA5E2D7880E8DE7D4, 0x40C61BA0875F11EBA5E2D7880E8DE7D4),
        (0x2C6D8530875F11EBA5E2D7880E8DE7D4, 0x41381750875F11EBA5E2D7880E8DE7D4),
        (0x2C6D8530875F11EBA5E2D7880E8DE7D4, 0x41B86AE0875F11EBA5E2D7880E8DE7D4),
        (0x2C6D8530875F11EBA5E2D7880E8DE7D4, 0x421F1BF0875F11EBA5E2D7880E8DE7D4),
        (0x2C6D8530875F11EBA5E2D7880E8DE7D4, 0x42F13900875F11EBA5E2D7880E8DE7D4),
        (0x2C6D8530875F11EBA5E2D7880E8DE7D4, 0x43C9E5C0875F11EBA5E2D7880E8DE7D4),
        (0x2C6D8530875F11EBA5E2D7880E8DE7D4, 0x4436FF70875F11EBA5E2D7880E8DE7D4),
        (0x2C6D8530875F11EBA5E2D7880E8DE7D4, 0x457301E0875F11EBA5E2D7880E8DE7D4),
        (0x2C6D8530875F11EBA5E2D7880E8DE7D4, 0x464F7F30875F11EBA5E2D7880E8DE7D4),
        (0x2C6D8530875F11EBA5E2D7880E8DE7D4, 0x4724F7A0875F11EBA5E2D7880E8DE7D4),
        (0x2C6D8530875F11EBA5E2D7880E8DE7D4, 0x47917510875F11EBA5E2D7880E8DE7D4),
        (0x2C6D8530875F11EBA5E2D7880E8DE7D4, 0x47F762D0875F11EBA5E2D7880E8DE7D4),
        (0x2C6D8530875F11EBA5E2D7880E8DE7D4, 0x4935AF30875F11EBA5E2D7880E8DE7D4),
        (0x2C6D8530875F11EBA5E2D7880E8DE7D4, 0x499AD9A0875F11EBA5E2D7880E8DE7D4),
        (0x2C6D8530875F11EBA5E2D7880E8DE7D4, 0x49FD6C00875F11EBA5E2D7880E8DE7D4),
        (0x2C6D8530875F11EBA5E2D7880E8DE7D4, 0x4A6EA460875F11EBA5E2D7880E8DE7D4),
        (0x2C6D8530875F11EBA5E2D7880E8DE7D4, 0x4C1EEC70875F11EBA5E2D7880E8DE7D4),
        (0x2C6D8530875F11EBA5E2D7880E8DE7D4, 0x4C9220A0875F11EBA5E2D7880E8DE7D4),
        (0x2C6D8530875F11EBA5E2D7880E8DE7D4, 0x4D0777B0875F11EBA5E2D7880E8DE7D4),
        (0x2C6D8530875F11EBA5E2D7880E8DE7D4, 0x4D80ED70875F11EBA5E2D7880E8DE7D4),
        (0x2C6D8530875F11EBA5E2D7880E8DE7D4, 0x4DEE0720875F11EBA5E2D7880E8DE7D4),
        (0x2C6D8530875F11EBA5E2D7880E8DE7D4, 0x4FA972C0875F11EBA5E2D7880E8DE7D4),
        (0x2C6D8530875F11EBA5E2D7880E8DE7D4, 0x5079BB10875F11EBA5E2D7880E8DE7D4),
        (0x2C6D8530875F11EBA5E2D7880E8DE7D4, 0x50E3EE90875F11EBA5E2D7880E8DE7D4),
        (0x2C6D8530875F11EBA5E2D7880E8DE7D4, 0x514F3380875F11EBA5E2D7880E8DE7D4),
        (0x2C6D8530875F11EBA5E2D7880E8DE7D4, 0x51D5C8A0875F11EBA5E2D7880E8DE7D4),
        (0x2C6D8530875F11EBA5E2D7880E8DE7D4, 0x523CEEE0875F11EBA5E2D7880E8DE7D4),
        (0x2C6D8530875F11EBA5E2D7880E8DE7D4, 0x52ACEEC0875F11EBA5E2D7880E8DE7D4),
        (0x2C6D8530875F11EBA5E2D7880E8DE7D4, 0x53141500875F11EBA5E2D7880E8DE7D4),
        (0x2C6D8530875F11EBA5E2D7880E8DE7D4, 0x538CA060875F11EBA5E2D7880E8DE7D4),
        (0x2C6D8530875F11EBA5E2D7880E8DE7D4, 0x53F462E0875F11EBA5E2D7880E8DE7D4),
        (0x2C6D8530875F11EBA5E2D7880E8DE7D4, 0x54D10740875F11EBA5E2D7880E8DE7D4),
        (0x2C6D8530875F11EBA5E2D7880E8DE7D4, 0x55396600875F11EBA5E2D7880E8DE7D4),
        (0x2C6D8530875F11EBA5E2D7880E8DE7D4, 0x55A85470875F11EBA5E2D7880E8DE7D4),
        (0x2C6D8530875F11EBA5E2D7880E8DE7D4, 0x56254CA0875F11EBA5E2D7880E8DE7D4),
        (0x2C6D8530875F11EBA5E2D7880E8DE7D4, 0x57048910875F11EBA5E2D7880E8DE7D4),
        (0x2C6D8530875F11EBA5E2D7880E8DE7D4, 0x5779B910875F11EBA5E2D7880E8DE7D4),
        (0x2C6D8530875F11EBA5E2D7880E8DE7D4, 0x57DCC0A0875F11EBA5E2D7880E8DE7D4),
        (0x2C6D8530875F11EBA5E2D7880E8DE7D4, 0x58892D40875F11EBA5E2D7880E8DE7D4),
        (0x2C6D8530875F11EBA5E2D7880E8DE7D4, 0x58F53580875F11EBA5E2D7880E8DE7D4),
        (0x2C6D8530875F11EBA5E2D7880E8DE7D4, 0x598A4990875F11EBA5E2D7880E8DE7D4),
        (0x2C6D8530875F11EBA5E2D7880E8DE7D4, 0x59F8C2D0875F11EBA5E2D7880E8DE7D4),
        (0x2C6D8530875F11EBA5E2D7880E8DE7D4, 0x5A76A560875F11EBA5E2D7880E8DE7D4),
        (0x2C6D8530875F11EBA5E2D7880E8DE7D4, 0x5B0FB110875F11EBA5E2D7880E8DE7D4),
        (0x2C6D8530875F11EBA5E2D7880E8DE7D4, 0x5B9311E0875F11EBA5E2D7880E8DE7D4),
        (0x2C6D8530875F11EBA5E2D7880E8DE7D4, 0x5DC77E10875F11EBA5E2D7880E8DE7D4),
        (0x2C6D8530875F11EBA5E2D7880E8DE7D4, 0x5E307910875F11EBA5E2D7880E8DE7D4),
        (0x2C6D8530875F11EBA5E2D7880E8DE7D4, 0x5F713670875F11EBA5E2D7880E8DE7D4),
        (0x2C6D8530875F11EBA5E2D7880E8DE7D4, 0x5FDDB3E0875F11EBA5E2D7880E8DE7D4),
        (0x2C6D8530875F11EBA5E2D7880E8DE7D4, 0x604612A0875F11EBA5E2D7880E8DE7D4),
        (0x2C6D8530875F11EBA5E2D7880E8DE7D4, 0x60B723F0875F11EBA5E2D7880E8DE7D4),
        (0x2C6D8530875F11EBA5E2D7880E8DE7D4, 0x612DB380875F11EBA5E2D7880E8DE7D4),
        (0x2C6D8530875F11EBA5E2D7880E8DE7D4, 0x627C5390875F11EBA5E2D7880E8DE7D4),
        (0x2C6D8530875F11EBA5E2D7880E8DE7D4, 0x634B1540875F11EBA5E2D7880E8DE7D4),
        (0x2C6D8530875F11EBA5E2D7880E8DE7D4, 0x63AFA370875F11EBA5E2D7880E8DE7D4),
        (0x2C6EBDB0875F11EBA5E2D7880E8DE7D4, 0x2CF97180875F11EBA5E2D7880E8DE7D4),
        (0x2C6EBDB0875F11EBA5E2D7880E8DE7D4, 0x2D6D1AE0875F11EBA5E2D7880E8DE7D4),
        (0x2C6EBDB0875F11EBA5E2D7880E8DE7D4, 0x2DDCF3B0875F11EBA5E2D7880E8DE7D4),
        (0x2C6EBDB0875F11EBA5E2D7880E8DE7D4, 0x2E67A780875F11EBA5E2D7880E8DE7D4),
        (0x2C6EBDB0875F11EBA5E2D7880E8DE7D4, 0x306C9F40875F11EBA5E2D7880E8DE7D4),
        (0x2C6EBDB0875F11EBA5E2D7880E8DE7D4, 0x31FF2620875F11EBA5E2D7880E8DE7D4),
        (0x2C6EBDB0875F11EBA5E2D7880E8DE7D4, 0x333F6E50875F11EBA5E2D7880E8DE7D4),
        (0x2C6EBDB0875F11EBA5E2D7880E8DE7D4, 0x33B7AB90875F11EBA5E2D7880E8DE7D4),
        (0x2C6EBDB0875F11EBA5E2D7880E8DE7D4, 0x342E3B20875F11EBA5E2D7880E8DE7D4),
        (0x2C6EBDB0875F11EBA5E2D7880E8DE7D4, 0x34ABA880875F11EBA5E2D7880E8DE7D4),
        (0x2C6EBDB0875F11EBA5E2D7880E8DE7D4, 0x351FA000875F11EBA5E2D7880E8DE7D4),
        (0x2C6EBDB0875F11EBA5E2D7880E8DE7D4, 0x35AA2CC0875F11EBA5E2D7880E8DE7D4),
        (0x2C6EBDB0875F11EBA5E2D7880E8DE7D4, 0x369B4380875F11EBA5E2D7880E8DE7D4),
        (0x2C6EBDB0875F11EBA5E2D7880E8DE7D4, 0x37748C80875F11EBA5E2D7880E8DE7D4),
        (0x2C6EBDB0875F11EBA5E2D7880E8DE7D4, 0x38566100875F11EBA5E2D7880E8DE7D4),
        (0x2C6EBDB0875F11EBA5E2D7880E8DE7D4, 0x38CB69F0875F11EBA5E2D7880E8DE7D4),
        (0x2C6EBDB0875F11EBA5E2D7880E8DE7D4, 0x39CA6360875F11EBA5E2D7880E8DE7D4),
        (0x2C6EBDB0875F11EBA5E2D7880E8DE7D4, 0x3A4FE710875F11EBA5E2D7880E8DE7D4),
        (0x2C6EBDB0875F11EBA5E2D7880E8DE7D4, 0x3AC39070875F11EBA5E2D7880E8DE7D4),
        (0x2C6EBDB0875F11EBA5E2D7880E8DE7D4, 0x3BAF9E20875F11EBA5E2D7880E8DE7D4),
        (0x2C6EBDB0875F11EBA5E2D7880E8DE7D4, 0x3C1F28D0875F11EBA5E2D7880E8DE7D4),
        (0x2C6EBDB0875F11EBA5E2D7880E8DE7D4, 0x3C95DF70875F11EBA5E2D7880E8DE7D4),
        (0x2C6EBDB0875F11EBA5E2D7880E8DE7D4, 0x3D6A4670875F11EBA5E2D7880E8DE7D4),
        (0x2C6EBDB0875F11EBA5E2D7880E8DE7D4, 0x3DD193C0875F11EBA5E2D7880E8DE7D4),
        (0x2C6EBDB0875F11EBA5E2D7880E8DE7D4, 0x3E9E3290875F11EBA5E2D7880E8DE7D4),
        (0x2C6EBDB0875F11EBA5E2D7880E8DE7D4, 0x3F15AC80875F11EBA5E2D7880E8DE7D4),
        (0x2C6EBDB0875F11EBA5E2D7880E8DE7D4, 0x3FEA61A0875F11EBA5E2D7880E8DE7D4),
        (0x2C6EBDB0875F11EBA5E2D7880E8DE7D4, 0x4053D1D0875F11EBA5E2D7880E8DE7D4),
        (0x2C6EBDB0875F11EBA5E2D7880E8DE7D4, 0x40C61BA0875F11EBA5E2D7880E8DE7D4),
        (0x2C6EBDB0875F11EBA5E2D7880E8DE7D4, 0x41381750875F11EBA5E2D7880E8DE7D4),
        (0x2C6EBDB0875F11EBA5E2D7880E8DE7D4, 0x41B86AE0875F11EBA5E2D7880E8DE7D4),
        (0x2C6EBDB0875F11EBA5E2D7880E8DE7D4, 0x421F1BF0875F11EBA5E2D7880E8DE7D4),
        (0x2C6EBDB0875F11EBA5E2D7880E8DE7D4, 0x42F13900875F11EBA5E2D7880E8DE7D4),
        (0x2C6EBDB0875F11EBA5E2D7880E8DE7D4, 0x43627160875F11EBA5E2D7880E8DE7D4),
        (0x2C6EBDB0875F11EBA5E2D7880E8DE7D4, 0x43C9E5C0875F11EBA5E2D7880E8DE7D4),
        (0x2C6EBDB0875F11EBA5E2D7880E8DE7D4, 0x4436FF70875F11EBA5E2D7880E8DE7D4),
        (0x2C6EBDB0875F11EBA5E2D7880E8DE7D4, 0x44A2B990875F11EBA5E2D7880E8DE7D4),
        (0x2C6EBDB0875F11EBA5E2D7880E8DE7D4, 0x457301E0875F11EBA5E2D7880E8DE7D4),
        (0x2C6EBDB0875F11EBA5E2D7880E8DE7D4, 0x464F7F30875F11EBA5E2D7880E8DE7D4),
        (0x2C6EBDB0875F11EBA5E2D7880E8DE7D4, 0x47917510875F11EBA5E2D7880E8DE7D4),
        (0x2C6EBDB0875F11EBA5E2D7880E8DE7D4, 0x47F762D0875F11EBA5E2D7880E8DE7D4),
        (0x2C6EBDB0875F11EBA5E2D7880E8DE7D4, 0x4860ABF0875F11EBA5E2D7880E8DE7D4),
        (0x2C6EBDB0875F11EBA5E2D7880E8DE7D4, 0x4935AF30875F11EBA5E2D7880E8DE7D4),
        (0x2C6EBDB0875F11EBA5E2D7880E8DE7D4, 0x499AD9A0875F11EBA5E2D7880E8DE7D4),
        (0x2C6EBDB0875F11EBA5E2D7880E8DE7D4, 0x49FD6C00875F11EBA5E2D7880E8DE7D4),
        (0x2C6EBDB0875F11EBA5E2D7880E8DE7D4, 0x4A6EA460875F11EBA5E2D7880E8DE7D4),
        (0x2C6EBDB0875F11EBA5E2D7880E8DE7D4, 0x4ADB21D0875F11EBA5E2D7880E8DE7D4),
        (0x2C6EBDB0875F11EBA5E2D7880E8DE7D4, 0x4C1EEC70875F11EBA5E2D7880E8DE7D4),
        (0x2C6EBDB0875F11EBA5E2D7880E8DE7D4, 0x4C9220A0875F11EBA5E2D7880E8DE7D4),
        (0x2C6EBDB0875F11EBA5E2D7880E8DE7D4, 0x4D0777B0875F11EBA5E2D7880E8DE7D4),
        (0x2C6EBDB0875F11EBA5E2D7880E8DE7D4, 0x4D80ED70875F11EBA5E2D7880E8DE7D4),
        (0x2C6EBDB0875F11EBA5E2D7880E8DE7D4, 0x4DEE0720875F11EBA5E2D7880E8DE7D4),
        (0x2C6EBDB0875F11EBA5E2D7880E8DE7D4, 0x4E5EF160875F11EBA5E2D7880E8DE7D4),
        (0x2C6EBDB0875F11EBA5E2D7880E8DE7D4, 0x4ECB6ED0875F11EBA5E2D7880E8DE7D4),
        (0x2C6EBDB0875F11EBA5E2D7880E8DE7D4, 0x4F30E760875F11EBA5E2D7880E8DE7D4),
        (0x2C6EBDB0875F11EBA5E2D7880E8DE7D4, 0x4FA972C0875F11EBA5E2D7880E8DE7D4),
        (0x2C6EBDB0875F11EBA5E2D7880E8DE7D4, 0x5079BB10875F11EBA5E2D7880E8DE7D4),
        (0x2C6EBDB0875F11EBA5E2D7880E8DE7D4, 0x514F3380875F11EBA5E2D7880E8DE7D4),
        (0x2C6EBDB0875F11EBA5E2D7880E8DE7D4, 0x51D5C8A0875F11EBA5E2D7880E8DE7D4),
        (0x2C6EBDB0875F11EBA5E2D7880E8DE7D4, 0x523CEEE0875F11EBA5E2D7880E8DE7D4),
        (0x2C6EBDB0875F11EBA5E2D7880E8DE7D4, 0x52ACEEC0875F11EBA5E2D7880E8DE7D4),
        (0x2C6EBDB0875F11EBA5E2D7880E8DE7D4, 0x53141500875F11EBA5E2D7880E8DE7D4),
        (0x2C6EBDB0875F11EBA5E2D7880E8DE7D4, 0x538CA060875F11EBA5E2D7880E8DE7D4),
        (0x2C6EBDB0875F11EBA5E2D7880E8DE7D4, 0x53F462E0875F11EBA5E2D7880E8DE7D4),
        (0x2C6EBDB0875F11EBA5E2D7880E8DE7D4, 0x54661070875F11EBA5E2D7880E8DE7D4),
        (0x2C6EBDB0875F11EBA5E2D7880E8DE7D4, 0x54D10740875F11EBA5E2D7880E8DE7D4),
        (0x2C6EBDB0875F11EBA5E2D7880E8DE7D4, 0x55A85470875F11EBA5E2D7880E8DE7D4),
        (0x2C6EBDB0875F11EBA5E2D7880E8DE7D4, 0x56254CA0875F11EBA5E2D7880E8DE7D4),
        (0x2C6EBDB0875F11EBA5E2D7880E8DE7D4, 0x57048910875F11EBA5E2D7880E8DE7D4),
        (0x2C6EBDB0875F11EBA5E2D7880E8DE7D4, 0x57DCC0A0875F11EBA5E2D7880E8DE7D4),
        (0x2C6EBDB0875F11EBA5E2D7880E8DE7D4, 0x58F53580875F11EBA5E2D7880E8DE7D4),
        (0x2C6EBDB0875F11EBA5E2D7880E8DE7D4, 0x5B0FB110875F11EBA5E2D7880E8DE7D4),
        (0x2C6EBDB0875F11EBA5E2D7880E8DE7D4, 0x5B9311E0875F11EBA5E2D7880E8DE7D4),
        (0x2C6EBDB0875F11EBA5E2D7880E8DE7D4, 0x5D53D4B0875F11EBA5E2D7880E8DE7D4),
        (0x2C6EBDB0875F11EBA5E2D7880E8DE7D4, 0x5DC77E10875F11EBA5E2D7880E8DE7D4),
        (0x2C6EBDB0875F11EBA5E2D7880E8DE7D4, 0x5E307910875F11EBA5E2D7880E8DE7D4),
        (0x2C6EBDB0875F11EBA5E2D7880E8DE7D4, 0x5F063FA0875F11EBA5E2D7880E8DE7D4),
        (0x2C6EBDB0875F11EBA5E2D7880E8DE7D4, 0x5F713670875F11EBA5E2D7880E8DE7D4),
        (0x2C6EBDB0875F11EBA5E2D7880E8DE7D4, 0x5FDDB3E0875F11EBA5E2D7880E8DE7D4),
        (0x2C6EBDB0875F11EBA5E2D7880E8DE7D4, 0x604612A0875F11EBA5E2D7880E8DE7D4),
        (0x2C6EBDB0875F11EBA5E2D7880E8DE7D4, 0x60B723F0875F11EBA5E2D7880E8DE7D4),
        (0x2C6EBDB0875F11EBA5E2D7880E8DE7D4, 0x612DB380875F11EBA5E2D7880E8DE7D4),
        (0x2C6EBDB0875F11EBA5E2D7880E8DE7D4, 0x61A02460875F11EBA5E2D7880E8DE7D4),
        (0x2C6EBDB0875F11EBA5E2D7880E8DE7D4, 0x627C5390875F11EBA5E2D7880E8DE7D4),
        (0x2C6EBDB0875F11EBA5E2D7880E8DE7D4, 0x634B1540875F11EBA5E2D7880E8DE7D4),
        (0x2C6EBDB0875F11EBA5E2D7880E8DE7D4, 0x63AFA370875F11EBA5E2D7880E8DE7D4),
        (0x2C6EBDB0875F11EBA5E2D7880E8DE7D4, 0x641D5960875F11EBA5E2D7880E8DE7D4),
        (0x2C701D40875F11EBA5E2D7880E8DE7D4, 0x2CF97180875F11EBA5E2D7880E8DE7D4),
        (0x2C701D40875F11EBA5E2D7880E8DE7D4, 0x2D6D1AE0875F11EBA5E2D7880E8DE7D4),
        (0x2C701D40875F11EBA5E2D7880E8DE7D4, 0x2DDCF3B0875F11EBA5E2D7880E8DE7D4),
        (0x2C701D40875F11EBA5E2D7880E8DE7D4, 0x2E67A780875F11EBA5E2D7880E8DE7D4),
        (0x2C701D40875F11EBA5E2D7880E8DE7D4, 0x306C9F40875F11EBA5E2D7880E8DE7D4),
        (0x2C701D40875F11EBA5E2D7880E8DE7D4, 0x31FF2620875F11EBA5E2D7880E8DE7D4),
        (0x2C701D40875F11EBA5E2D7880E8DE7D4, 0x32A180A0875F11EBA5E2D7880E8DE7D4),
        (0x2C701D40875F11EBA5E2D7880E8DE7D4, 0x333F6E50875F11EBA5E2D7880E8DE7D4),
        (0x2C701D40875F11EBA5E2D7880E8DE7D4, 0x33B7AB90875F11EBA5E2D7880E8DE7D4),
        (0x2C701D40875F11EBA5E2D7880E8DE7D4, 0x342E3B20875F11EBA5E2D7880E8DE7D4),
        (0x2C701D40875F11EBA5E2D7880E8DE7D4, 0x34ABA880875F11EBA5E2D7880E8DE7D4),
        (0x2C701D40875F11EBA5E2D7880E8DE7D4, 0x351FA000875F11EBA5E2D7880E8DE7D4),
        (0x2C701D40875F11EBA5E2D7880E8DE7D4, 0x35AA2CC0875F11EBA5E2D7880E8DE7D4),
        (0x2C701D40875F11EBA5E2D7880E8DE7D4, 0x362A8050875F11EBA5E2D7880E8DE7D4),
        (0x2C701D40875F11EBA5E2D7880E8DE7D4, 0x369B4380875F11EBA5E2D7880E8DE7D4),
        (0x2C701D40875F11EBA5E2D7880E8DE7D4, 0x370A31F0875F11EBA5E2D7880E8DE7D4),
        (0x2C701D40875F11EBA5E2D7880E8DE7D4, 0x38566100875F11EBA5E2D7880E8DE7D4),
        (0x2C701D40875F11EBA5E2D7880E8DE7D4, 0x38CB69F0875F11EBA5E2D7880E8DE7D4),
        (0x2C701D40875F11EBA5E2D7880E8DE7D4, 0x39CA6360875F11EBA5E2D7880E8DE7D4),
        (0x2C701D40875F11EBA5E2D7880E8DE7D4, 0x3A4FE710875F11EBA5E2D7880E8DE7D4),
        (0x2C701D40875F11EBA5E2D7880E8DE7D4, 0x3AC39070875F11EBA5E2D7880E8DE7D4),
        (0x2C701D40875F11EBA5E2D7880E8DE7D4, 0x3BAF9E20875F11EBA5E2D7880E8DE7D4),
        (0x2C701D40875F11EBA5E2D7880E8DE7D4, 0x3C1F28D0875F11EBA5E2D7880E8DE7D4),
        (0x2C701D40875F11EBA5E2D7880E8DE7D4, 0x3C95DF70875F11EBA5E2D7880E8DE7D4),
        (0x2C701D40875F11EBA5E2D7880E8DE7D4, 0x3D6A4670875F11EBA5E2D7880E8DE7D4),
        (0x2C701D40875F11EBA5E2D7880E8DE7D4, 0x3DD193C0875F11EBA5E2D7880E8DE7D4),
        (0x2C701D40875F11EBA5E2D7880E8DE7D4, 0x3E9E3290875F11EBA5E2D7880E8DE7D4),
        (0x2C701D40875F11EBA5E2D7880E8DE7D4, 0x3F15AC80875F11EBA5E2D7880E8DE7D4),
        (0x2C701D40875F11EBA5E2D7880E8DE7D4, 0x3FEA61A0875F11EBA5E2D7880E8DE7D4),
        (0x2C701D40875F11EBA5E2D7880E8DE7D4, 0x4053D1D0875F11EBA5E2D7880E8DE7D4),
        (0x2C701D40875F11EBA5E2D7880E8DE7D4, 0x40C61BA0875F11EBA5E2D7880E8DE7D4),
        (0x2C701D40875F11EBA5E2D7880E8DE7D4, 0x41381750875F11EBA5E2D7880E8DE7D4),
        (0x2C701D40875F11EBA5E2D7880E8DE7D4, 0x41B86AE0875F11EBA5E2D7880E8DE7D4),
        (0x2C701D40875F11EBA5E2D7880E8DE7D4, 0x421F1BF0875F11EBA5E2D7880E8DE7D4),
        (0x2C701D40875F11EBA5E2D7880E8DE7D4, 0x42877AB0875F11EBA5E2D7880E8DE7D4),
        (0x2C701D40875F11EBA5E2D7880E8DE7D4, 0x42F13900875F11EBA5E2D7880E8DE7D4),
        (0x2C701D40875F11EBA5E2D7880E8DE7D4, 0x43627160875F11EBA5E2D7880E8DE7D4),
        (0x2C701D40875F11EBA5E2D7880E8DE7D4, 0x43C9E5C0875F11EBA5E2D7880E8DE7D4),
        (0x2C701D40875F11EBA5E2D7880E8DE7D4, 0x4436FF70875F11EBA5E2D7880E8DE7D4),
        (0x2C701D40875F11EBA5E2D7880E8DE7D4, 0x450D8950875F11EBA5E2D7880E8DE7D4),
        (0x2C701D40875F11EBA5E2D7880E8DE7D4, 0x457301E0875F11EBA5E2D7880E8DE7D4),
        (0x2C701D40875F11EBA5E2D7880E8DE7D4, 0x45E2B3A0875F11EBA5E2D7880E8DE7D4),
        (0x2C701D40875F11EBA5E2D7880E8DE7D4, 0x464F7F30875F11EBA5E2D7880E8DE7D4),
        (0x2C701D40875F11EBA5E2D7880E8DE7D4, 0x46BCBFF0875F11EBA5E2D7880E8DE7D4),
        (0x2C701D40875F11EBA5E2D7880E8DE7D4, 0x47917510875F11EBA5E2D7880E8DE7D4),
        (0x2C701D40875F11EBA5E2D7880E8DE7D4, 0x47F762D0875F11EBA5E2D7880E8DE7D4),
        (0x2C701D40875F11EBA5E2D7880E8DE7D4, 0x4935AF30875F11EBA5E2D7880E8DE7D4),
        (0x2C701D40875F11EBA5E2D7880E8DE7D4, 0x499AD9A0875F11EBA5E2D7880E8DE7D4),
        (0x2C701D40875F11EBA5E2D7880E8DE7D4, 0x49FD6C00875F11EBA5E2D7880E8DE7D4),
        (0x2C701D40875F11EBA5E2D7880E8DE7D4, 0x4A6EA460875F11EBA5E2D7880E8DE7D4),
        (0x2C701D40875F11EBA5E2D7880E8DE7D4, 0x4ADB21D0875F11EBA5E2D7880E8DE7D4),
        (0x2C701D40875F11EBA5E2D7880E8DE7D4, 0x4C1EEC70875F11EBA5E2D7880E8DE7D4),
        (0x2C701D40875F11EBA5E2D7880E8DE7D4, 0x4C9220A0875F11EBA5E2D7880E8DE7D4),
        (0x2C701D40875F11EBA5E2D7880E8DE7D4, 0x4D0777B0875F11EBA5E2D7880E8DE7D4),
        (0x2C701D40875F11EBA5E2D7880E8DE7D4, 0x4D80ED70875F11EBA5E2D7880E8DE7D4),
        (0x2C701D40875F11EBA5E2D7880E8DE7D4, 0x4DEE0720875F11EBA5E2D7880E8DE7D4),
        (0x2C701D40875F11EBA5E2D7880E8DE7D4, 0x4E5EF160875F11EBA5E2D7880E8DE7D4),
        (0x2C701D40875F11EBA5E2D7880E8DE7D4, 0x4ECB6ED0875F11EBA5E2D7880E8DE7D4),
        (0x2C701D40875F11EBA5E2D7880E8DE7D4, 0x4F30E760875F11EBA5E2D7880E8DE7D4),
        (0x2C701D40875F11EBA5E2D7880E8DE7D4, 0x4FA972C0875F11EBA5E2D7880E8DE7D4),
        (0x2C701D40875F11EBA5E2D7880E8DE7D4, 0x5079BB10875F11EBA5E2D7880E8DE7D4),
        (0x2C701D40875F11EBA5E2D7880E8DE7D4, 0x514F3380875F11EBA5E2D7880E8DE7D4),
        (0x2C701D40875F11EBA5E2D7880E8DE7D4, 0x51D5C8A0875F11EBA5E2D7880E8DE7D4),
        (0x2C701D40875F11EBA5E2D7880E8DE7D4, 0x523CEEE0875F11EBA5E2D7880E8DE7D4),
        (0x2C701D40875F11EBA5E2D7880E8DE7D4, 0x52ACEEC0875F11EBA5E2D7880E8DE7D4),
        (0x2C701D40875F11EBA5E2D7880E8DE7D4, 0x53141500875F11EBA5E2D7880E8DE7D4),
        (0x2C701D40875F11EBA5E2D7880E8DE7D4, 0x538CA060875F11EBA5E2D7880E8DE7D4),
        (0x2C701D40875F11EBA5E2D7880E8DE7D4, 0x53F462E0875F11EBA5E2D7880E8DE7D4),
        (0x2C701D40875F11EBA5E2D7880E8DE7D4, 0x54661070875F11EBA5E2D7880E8DE7D4),
        (0x2C701D40875F11EBA5E2D7880E8DE7D4, 0x54D10740875F11EBA5E2D7880E8DE7D4),
        (0x2C701D40875F11EBA5E2D7880E8DE7D4, 0x55396600875F11EBA5E2D7880E8DE7D4),
        (0x2C701D40875F11EBA5E2D7880E8DE7D4, 0x55A85470875F11EBA5E2D7880E8DE7D4),
        (0x2C701D40875F11EBA5E2D7880E8DE7D4, 0x56254CA0875F11EBA5E2D7880E8DE7D4),
        (0x2C701D40875F11EBA5E2D7880E8DE7D4, 0x57048910875F11EBA5E2D7880E8DE7D4),
        (0x2C701D40875F11EBA5E2D7880E8DE7D4, 0x57DCC0A0875F11EBA5E2D7880E8DE7D4),
        (0x2C701D40875F11EBA5E2D7880E8DE7D4, 0x58892D40875F11EBA5E2D7880E8DE7D4),
        (0x2C701D40875F11EBA5E2D7880E8DE7D4, 0x58F53580875F11EBA5E2D7880E8DE7D4),
        (0x2C701D40875F11EBA5E2D7880E8DE7D4, 0x598A4990875F11EBA5E2D7880E8DE7D4),
        (0x2C701D40875F11EBA5E2D7880E8DE7D4, 0x59F8C2D0875F11EBA5E2D7880E8DE7D4),
        (0x2C701D40875F11EBA5E2D7880E8DE7D4, 0x5B0FB110875F11EBA5E2D7880E8DE7D4),
        (0x2C701D40875F11EBA5E2D7880E8DE7D4, 0x5B9311E0875F11EBA5E2D7880E8DE7D4),
        (0x2C701D40875F11EBA5E2D7880E8DE7D4, 0x5C7B9D20875F11EBA5E2D7880E8DE7D4),
        (0x2C701D40875F11EBA5E2D7880E8DE7D4, 0x5CE07970875F11EBA5E2D7880E8DE7D4),
        (0x2C701D40875F11EBA5E2D7880E8DE7D4, 0x5D53D4B0875F11EBA5E2D7880E8DE7D4),
        (0x2C701D40875F11EBA5E2D7880E8DE7D4, 0x5DC77E10875F11EBA5E2D7880E8DE7D4),
        (0x2C701D40875F11EBA5E2D7880E8DE7D4, 0x5E307910875F11EBA5E2D7880E8DE7D4),
        (0x2C701D40875F11EBA5E2D7880E8DE7D4, 0x5E9D1D90875F11EBA5E2D7880E8DE7D4),
        (0x2C701D40875F11EBA5E2D7880E8DE7D4, 0x5F713670875F11EBA5E2D7880E8DE7D4),
        (0x2C701D40875F11EBA5E2D7880E8DE7D4, 0x5FDDB3E0875F11EBA5E2D7880E8DE7D4),
        (0x2C701D40875F11EBA5E2D7880E8DE7D4, 0x604612A0875F11EBA5E2D7880E8DE7D4),
        (0x2C701D40875F11EBA5E2D7880E8DE7D4, 0x60B723F0875F11EBA5E2D7880E8DE7D4),
        (0x2C701D40875F11EBA5E2D7880E8DE7D4, 0x612DB380875F11EBA5E2D7880E8DE7D4),
        (0x2C701D40875F11EBA5E2D7880E8DE7D4, 0x61A02460875F11EBA5E2D7880E8DE7D4),
        (0x2C701D40875F11EBA5E2D7880E8DE7D4, 0x6211D1F0875F11EBA5E2D7880E8DE7D4),
        (0x2C701D40875F11EBA5E2D7880E8DE7D4, 0x627C5390875F11EBA5E2D7880E8DE7D4),
        (0x2C701D40875F11EBA5E2D7880E8DE7D4, 0x62EC5370875F11EBA5E2D7880E8DE7D4),
        (0x2C701D40875F11EBA5E2D7880E8DE7D4, 0x634B1540875F11EBA5E2D7880E8DE7D4),
        (0x2C701D40875F11EBA5E2D7880E8DE7D4, 0x63AFA370875F11EBA5E2D7880E8DE7D4),
        (0x2C701D40875F11EBA5E2D7880E8DE7D4, 0x641D5960875F11EBA5E2D7880E8DE7D4),
        (0x2C724020875F11EBA5E2D7880E8DE7D4, 0x2D6D1AE0875F11EBA5E2D7880E8DE7D4),
        (0x2C724020875F11EBA5E2D7880E8DE7D4, 0x2DDCF3B0875F11EBA5E2D7880E8DE7D4),
        (0x2C724020875F11EBA5E2D7880E8DE7D4, 0x306C9F40875F11EBA5E2D7880E8DE7D4),
        (0x2C724020875F11EBA5E2D7880E8DE7D4, 0x31FF2620875F11EBA5E2D7880E8DE7D4),
        (0x2C724020875F11EBA5E2D7880E8DE7D4, 0x33B7AB90875F11EBA5E2D7880E8DE7D4),
        (0x2C724020875F11EBA5E2D7880E8DE7D4, 0x342E3B20875F11EBA5E2D7880E8DE7D4),
        (0x2C724020875F11EBA5E2D7880E8DE7D4, 0x34ABA880875F11EBA5E2D7880E8DE7D4),
        (0x2C724020875F11EBA5E2D7880E8DE7D4, 0x35AA2CC0875F11EBA5E2D7880E8DE7D4),
        (0x2C724020875F11EBA5E2D7880E8DE7D4, 0x369B4380875F11EBA5E2D7880E8DE7D4),
        (0x2C724020875F11EBA5E2D7880E8DE7D4, 0x38566100875F11EBA5E2D7880E8DE7D4),
        (0x2C724020875F11EBA5E2D7880E8DE7D4, 0x3A4FE710875F11EBA5E2D7880E8DE7D4),
        (0x2C724020875F11EBA5E2D7880E8DE7D4, 0x3AC39070875F11EBA5E2D7880E8DE7D4),
        (0x2C724020875F11EBA5E2D7880E8DE7D4, 0x3C1F28D0875F11EBA5E2D7880E8DE7D4),
        (0x2C724020875F11EBA5E2D7880E8DE7D4, 0x3C95DF70875F11EBA5E2D7880E8DE7D4),
        (0x2C724020875F11EBA5E2D7880E8DE7D4, 0x3D6A4670875F11EBA5E2D7880E8DE7D4),
        (0x2C724020875F11EBA5E2D7880E8DE7D4, 0x3DD193C0875F11EBA5E2D7880E8DE7D4),
        (0x2C724020875F11EBA5E2D7880E8DE7D4, 0x3E9E3290875F11EBA5E2D7880E8DE7D4),
        (0x2C724020875F11EBA5E2D7880E8DE7D4, 0x3F15AC80875F11EBA5E2D7880E8DE7D4),
        (0x2C724020875F11EBA5E2D7880E8DE7D4, 0x3FEA61A0875F11EBA5E2D7880E8DE7D4),
        (0x2C724020875F11EBA5E2D7880E8DE7D4, 0x4053D1D0875F11EBA5E2D7880E8DE7D4),
        (0x2C724020875F11EBA5E2D7880E8DE7D4, 0x40C61BA0875F11EBA5E2D7880E8DE7D4),
        (0x2C724020875F11EBA5E2D7880E8DE7D4, 0x41381750875F11EBA5E2D7880E8DE7D4),
        (0x2C724020875F11EBA5E2D7880E8DE7D4, 0x421F1BF0875F11EBA5E2D7880E8DE7D4),
        (0x2C724020875F11EBA5E2D7880E8DE7D4, 0x42F13900875F11EBA5E2D7880E8DE7D4),
        (0x2C724020875F11EBA5E2D7880E8DE7D4, 0x4436FF70875F11EBA5E2D7880E8DE7D4),
        (0x2C724020875F11EBA5E2D7880E8DE7D4, 0x457301E0875F11EBA5E2D7880E8DE7D4),
        (0x2C724020875F11EBA5E2D7880E8DE7D4, 0x464F7F30875F11EBA5E2D7880E8DE7D4),
        (0x2C724020875F11EBA5E2D7880E8DE7D4, 0x47917510875F11EBA5E2D7880E8DE7D4),
        (0x2C724020875F11EBA5E2D7880E8DE7D4, 0x47F762D0875F11EBA5E2D7880E8DE7D4),
        (0x2C724020875F11EBA5E2D7880E8DE7D4, 0x4935AF30875F11EBA5E2D7880E8DE7D4),
        (0x2C724020875F11EBA5E2D7880E8DE7D4, 0x499AD9A0875F11EBA5E2D7880E8DE7D4),
        (0x2C724020875F11EBA5E2D7880E8DE7D4, 0x49FD6C00875F11EBA5E2D7880E8DE7D4),
        (0x2C724020875F11EBA5E2D7880E8DE7D4, 0x4ADB21D0875F11EBA5E2D7880E8DE7D4),
        (0x2C724020875F11EBA5E2D7880E8DE7D4, 0x4C1EEC70875F11EBA5E2D7880E8DE7D4),
        (0x2C724020875F11EBA5E2D7880E8DE7D4, 0x4C9220A0875F11EBA5E2D7880E8DE7D4),
        (0x2C724020875F11EBA5E2D7880E8DE7D4, 0x4D0777B0875F11EBA5E2D7880E8DE7D4),
        (0x2C724020875F11EBA5E2D7880E8DE7D4, 0x4D80ED70875F11EBA5E2D7880E8DE7D4),
        (0x2C724020875F11EBA5E2D7880E8DE7D4, 0x4DEE0720875F11EBA5E2D7880E8DE7D4),
        (0x2C724020875F11EBA5E2D7880E8DE7D4, 0x4F30E760875F11EBA5E2D7880E8DE7D4),
        (0x2C724020875F11EBA5E2D7880E8DE7D4, 0x4FA972C0875F11EBA5E2D7880E8DE7D4),
        (0x2C724020875F11EBA5E2D7880E8DE7D4, 0x5079BB10875F11EBA5E2D7880E8DE7D4),
        (0x2C724020875F11EBA5E2D7880E8DE7D4, 0x514F3380875F11EBA5E2D7880E8DE7D4),
        (0x2C724020875F11EBA5E2D7880E8DE7D4, 0x523CEEE0875F11EBA5E2D7880E8DE7D4),
        (0x2C724020875F11EBA5E2D7880E8DE7D4, 0x52ACEEC0875F11EBA5E2D7880E8DE7D4),
        (0x2C724020875F11EBA5E2D7880E8DE7D4, 0x53141500875F11EBA5E2D7880E8DE7D4),
        (0x2C724020875F11EBA5E2D7880E8DE7D4, 0x53F462E0875F11EBA5E2D7880E8DE7D4),
        (0x2C724020875F11EBA5E2D7880E8DE7D4, 0x54661070875F11EBA5E2D7880E8DE7D4),
        (0x2C724020875F11EBA5E2D7880E8DE7D4, 0x54D10740875F11EBA5E2D7880E8DE7D4),
        (0x2C724020875F11EBA5E2D7880E8DE7D4, 0x55396600875F11EBA5E2D7880E8DE7D4),
        (0x2C724020875F11EBA5E2D7880E8DE7D4, 0x55A85470875F11EBA5E2D7880E8DE7D4),
        (0x2C724020875F11EBA5E2D7880E8DE7D4, 0x56254CA0875F11EBA5E2D7880E8DE7D4),
        (0x2C724020875F11EBA5E2D7880E8DE7D4, 0x57048910875F11EBA5E2D7880E8DE7D4),
        (0x2C724020875F11EBA5E2D7880E8DE7D4, 0x57DCC0A0875F11EBA5E2D7880E8DE7D4),
        (0x2C724020875F11EBA5E2D7880E8DE7D4, 0x58892D40875F11EBA5E2D7880E8DE7D4),
        (0x2C724020875F11EBA5E2D7880E8DE7D4, 0x58F53580875F11EBA5E2D7880E8DE7D4),
        (0x2C724020875F11EBA5E2D7880E8DE7D4, 0x5B0FB110875F11EBA5E2D7880E8DE7D4),
        (0x2C724020875F11EBA5E2D7880E8DE7D4, 0x5B9311E0875F11EBA5E2D7880E8DE7D4),
        (0x2C724020875F11EBA5E2D7880E8DE7D4, 0x5DC77E10875F11EBA5E2D7880E8DE7D4),
        (0x2C724020875F11EBA5E2D7880E8DE7D4, 0x5E307910875F11EBA5E2D7880E8DE7D4),
        (0x2C724020875F11EBA5E2D7880E8DE7D4, 0x5F713670875F11EBA5E2D7880E8DE7D4),
        (0x2C724020875F11EBA5E2D7880E8DE7D4, 0x5FDDB3E0875F11EBA5E2D7880E8DE7D4),
        (0x2C724020875F11EBA5E2D7880E8DE7D4, 0x604612A0875F11EBA5E2D7880E8DE7D4),
        (0x2C724020875F11EBA5E2D7880E8DE7D4, 0x627C5390875F11EBA5E2D7880E8DE7D4),
        (0x2C724020875F11EBA5E2D7880E8DE7D4, 0x634B1540875F11EBA5E2D7880E8DE7D4),
        (0x2C724020875F11EBA5E2D7880E8DE7D4, 0x63AFA370875F11EBA5E2D7880E8DE7D4),
        (0x2C7414E0875F11EBA5E2D7880E8DE7D4, 0x2CF97180875F11EBA5E2D7880E8DE7D4),
        (0x2C7414E0875F11EBA5E2D7880E8DE7D4, 0x2E67A780875F11EBA5E2D7880E8DE7D4),
        (0x2C7414E0875F11EBA5E2D7880E8DE7D4, 0x2EE478A0875F11EBA5E2D7880E8DE7D4),
        (0x2C7414E0875F11EBA5E2D7880E8DE7D4, 0x2F7BAF90875F11EBA5E2D7880E8DE7D4),
        (0x2C7414E0875F11EBA5E2D7880E8DE7D4, 0x306C9F40875F11EBA5E2D7880E8DE7D4),
        (0x2C7414E0875F11EBA5E2D7880E8DE7D4, 0x31FF2620875F11EBA5E2D7880E8DE7D4),
        (0x2C7414E0875F11EBA5E2D7880E8DE7D4, 0x342E3B20875F11EBA5E2D7880E8DE7D4),
        (0x2C7414E0875F11EBA5E2D7880E8DE7D4, 0x35AA2CC0875F11EBA5E2D7880E8DE7D4),
        (0x2C7414E0875F11EBA5E2D7880E8DE7D4, 0x362A8050875F11EBA5E2D7880E8DE7D4),
        (0x2C7414E0875F11EBA5E2D7880E8DE7D4, 0x37EC7BA0875F11EBA5E2D7880E8DE7D4),
        (0x2C7414E0875F11EBA5E2D7880E8DE7D4, 0x38CB69F0875F11EBA5E2D7880E8DE7D4),
        (0x2C7414E0875F11EBA5E2D7880E8DE7D4, 0x3AC39070875F11EBA5E2D7880E8DE7D4),
        (0x2C7414E0875F11EBA5E2D7880E8DE7D4, 0x3D04A6D0875F11EBA5E2D7880E8DE7D4),
        (0x2C7414E0875F11EBA5E2D7880E8DE7D4, 0x3E9E3290875F11EBA5E2D7880E8DE7D4),
        (0x2C7414E0875F11EBA5E2D7880E8DE7D4, 0x4053D1D0875F11EBA5E2D7880E8DE7D4),
        (0x2C7414E0875F11EBA5E2D7880E8DE7D4, 0x41381750875F11EBA5E2D7880E8DE7D4),
        (0x2C7414E0875F11EBA5E2D7880E8DE7D4, 0x43C9E5C0875F11EBA5E2D7880E8DE7D4),
        (0x2C7414E0875F11EBA5E2D7880E8DE7D4, 0x4436FF70875F11EBA5E2D7880E8DE7D4),
        (0x2C7414E0875F11EBA5E2D7880E8DE7D4, 0x44A2B990875F11EBA5E2D7880E8DE7D4),
        (0x2C7414E0875F11EBA5E2D7880E8DE7D4, 0x457301E0875F11EBA5E2D7880E8DE7D4),
        (0x2C7414E0875F11EBA5E2D7880E8DE7D4, 0x464F7F30875F11EBA5E2D7880E8DE7D4),
        (0x2C7414E0875F11EBA5E2D7880E8DE7D4, 0x4724F7A0875F11EBA5E2D7880E8DE7D4),
        (0x2C7414E0875F11EBA5E2D7880E8DE7D4, 0x47F762D0875F11EBA5E2D7880E8DE7D4),
        (0x2C7414E0875F11EBA5E2D7880E8DE7D4, 0x48C70EE0875F11EBA5E2D7880E8DE7D4),
        (0x2C7414E0875F11EBA5E2D7880E8DE7D4, 0x49FD6C00875F11EBA5E2D7880E8DE7D4),
        (0x2C7414E0875F11EBA5E2D7880E8DE7D4, 0x4BAD65F0875F11EBA5E2D7880E8DE7D4),
        (0x2C7414E0875F11EBA5E2D7880E8DE7D4, 0x4D0777B0875F11EBA5E2D7880E8DE7D4),
        (0x2C7414E0875F11EBA5E2D7880E8DE7D4, 0x4E5EF160875F11EBA5E2D7880E8DE7D4),
        (0x2C7414E0875F11EBA5E2D7880E8DE7D4, 0x4F30E760875F11EBA5E2D7880E8DE7D4),
        (0x2C7414E0875F11EBA5E2D7880E8DE7D4, 0x4FA972C0875F11EBA5E2D7880E8DE7D4),
        (0x2C7414E0875F11EBA5E2D7880E8DE7D4, 0x514F3380875F11EBA5E2D7880E8DE7D4),
        (0x2C7414E0875F11EBA5E2D7880E8DE7D4, 0x51D5C8A0875F11EBA5E2D7880E8DE7D4),
        (0x2C7414E0875F11EBA5E2D7880E8DE7D4, 0x53141500875F11EBA5E2D7880E8DE7D4),
        (0x2C7414E0875F11EBA5E2D7880E8DE7D4, 0x538CA060875F11EBA5E2D7880E8DE7D4),
        (0x2C7414E0875F11EBA5E2D7880E8DE7D4, 0x53F462E0875F11EBA5E2D7880E8DE7D4),
        (0x2C7414E0875F11EBA5E2D7880E8DE7D4, 0x54D10740875F11EBA5E2D7880E8DE7D4),
        (0x2C7414E0875F11EBA5E2D7880E8DE7D4, 0x56917BF0875F11EBA5E2D7880E8DE7D4),
        (0x2C7414E0875F11EBA5E2D7880E8DE7D4, 0x598A4990875F11EBA5E2D7880E8DE7D4),
        (0x2C7414E0875F11EBA5E2D7880E8DE7D4, 0x59F8C2D0875F11EBA5E2D7880E8DE7D4),
        (0x2C7414E0875F11EBA5E2D7880E8DE7D4, 0x5B9311E0875F11EBA5E2D7880E8DE7D4),
        (0x2C7414E0875F11EBA5E2D7880E8DE7D4, 0x5C13DAA0875F11EBA5E2D7880E8DE7D4),
        (0x2C7414E0875F11EBA5E2D7880E8DE7D4, 0x5D53D4B0875F11EBA5E2D7880E8DE7D4),
        (0x2C7414E0875F11EBA5E2D7880E8DE7D4, 0x5E307910875F11EBA5E2D7880E8DE7D4),
        (0x2C7414E0875F11EBA5E2D7880E8DE7D4, 0x5F063FA0875F11EBA5E2D7880E8DE7D4),
        (0x2C7414E0875F11EBA5E2D7880E8DE7D4, 0x612DB380875F11EBA5E2D7880E8DE7D4),
        (0x2C7414E0875F11EBA5E2D7880E8DE7D4, 0x61A02460875F11EBA5E2D7880E8DE7D4),
        (0x2C7414E0875F11EBA5E2D7880E8DE7D4, 0x6211D1F0875F11EBA5E2D7880E8DE7D4),
        (0x2C7414E0875F11EBA5E2D7880E8DE7D4, 0x627C5390875F11EBA5E2D7880E8DE7D4),
        (0x2C7414E0875F11EBA5E2D7880E8DE7D4, 0x63AFA370875F11EBA5E2D7880E8DE7D4),
        (0x2C7414E0875F11EBA5E2D7880E8DE7D4, 0x64840A70875F11EBA5E2D7880E8DE7D4),
        (0x2C752650875F11EBA5E2D7880E8DE7D4, 0x2EE478A0875F11EBA5E2D7880E8DE7D4),
        (0x2C752650875F11EBA5E2D7880E8DE7D4, 0x31FF2620875F11EBA5E2D7880E8DE7D4),
        (0x2C752650875F11EBA5E2D7880E8DE7D4, 0x342E3B20875F11EBA5E2D7880E8DE7D4),
        (0x2C752650875F11EBA5E2D7880E8DE7D4, 0x35AA2CC0875F11EBA5E2D7880E8DE7D4),
        (0x2C752650875F11EBA5E2D7880E8DE7D4, 0x38CB69F0875F11EBA5E2D7880E8DE7D4),
        (0x2C752650875F11EBA5E2D7880E8DE7D4, 0x3D04A6D0875F11EBA5E2D7880E8DE7D4),
        (0x2C752650875F11EBA5E2D7880E8DE7D4, 0x3E9E3290875F11EBA5E2D7880E8DE7D4),
        (0x2C752650875F11EBA5E2D7880E8DE7D4, 0x4053D1D0875F11EBA5E2D7880E8DE7D4),
        (0x2C752650875F11EBA5E2D7880E8DE7D4, 0x44A2B990875F11EBA5E2D7880E8DE7D4),
        (0x2C752650875F11EBA5E2D7880E8DE7D4, 0x457301E0875F11EBA5E2D7880E8DE7D4),
        (0x2C752650875F11EBA5E2D7880E8DE7D4, 0x464F7F30875F11EBA5E2D7880E8DE7D4),
        (0x2C752650875F11EBA5E2D7880E8DE7D4, 0x4724F7A0875F11EBA5E2D7880E8DE7D4),
        (0x2C752650875F11EBA5E2D7880E8DE7D4, 0x49FD6C00875F11EBA5E2D7880E8DE7D4),
        (0x2C752650875F11EBA5E2D7880E8DE7D4, 0x4D0777B0875F11EBA5E2D7880E8DE7D4),
        (0x2C752650875F11EBA5E2D7880E8DE7D4, 0x4E5EF160875F11EBA5E2D7880E8DE7D4),
        (0x2C752650875F11EBA5E2D7880E8DE7D4, 0x4F30E760875F11EBA5E2D7880E8DE7D4),
        (0x2C752650875F11EBA5E2D7880E8DE7D4, 0x4FA972C0875F11EBA5E2D7880E8DE7D4),
        (0x2C752650875F11EBA5E2D7880E8DE7D4, 0x514F3380875F11EBA5E2D7880E8DE7D4),
        (0x2C752650875F11EBA5E2D7880E8DE7D4, 0x51D5C8A0875F11EBA5E2D7880E8DE7D4),
        (0x2C752650875F11EBA5E2D7880E8DE7D4, 0x53141500875F11EBA5E2D7880E8DE7D4),
        (0x2C752650875F11EBA5E2D7880E8DE7D4, 0x538CA060875F11EBA5E2D7880E8DE7D4),
        (0x2C752650875F11EBA5E2D7880E8DE7D4, 0x53F462E0875F11EBA5E2D7880E8DE7D4),
        (0x2C752650875F11EBA5E2D7880E8DE7D4, 0x56917BF0875F11EBA5E2D7880E8DE7D4),
        (0x2C752650875F11EBA5E2D7880E8DE7D4, 0x598A4990875F11EBA5E2D7880E8DE7D4),
        (0x2C752650875F11EBA5E2D7880E8DE7D4, 0x59F8C2D0875F11EBA5E2D7880E8DE7D4),
        (0x2C752650875F11EBA5E2D7880E8DE7D4, 0x5B9311E0875F11EBA5E2D7880E8DE7D4),
        (0x2C752650875F11EBA5E2D7880E8DE7D4, 0x5D53D4B0875F11EBA5E2D7880E8DE7D4),
        (0x2C752650875F11EBA5E2D7880E8DE7D4, 0x5E307910875F11EBA5E2D7880E8DE7D4),
        (0x2C752650875F11EBA5E2D7880E8DE7D4, 0x612DB380875F11EBA5E2D7880E8DE7D4),
        (0x2C752650875F11EBA5E2D7880E8DE7D4, 0x61A02460875F11EBA5E2D7880E8DE7D4),
        (0x2C752650875F11EBA5E2D7880E8DE7D4, 0x6211D1F0875F11EBA5E2D7880E8DE7D4),
        (0x2C752650875F11EBA5E2D7880E8DE7D4, 0x627C5390875F11EBA5E2D7880E8DE7D4),
        (0x2C752650875F11EBA5E2D7880E8DE7D4, 0x63AFA370875F11EBA5E2D7880E8DE7D4),
        (0x2C752650875F11EBA5E2D7880E8DE7D4, 0x64840A70875F11EBA5E2D7880E8DE7D4),
        (0x2C7685E0875F11EBA5E2D7880E8DE7D4, 0x2E67A780875F11EBA5E2D7880E8DE7D4),
        (0x2C7685E0875F11EBA5E2D7880E8DE7D4, 0x2EE478A0875F11EBA5E2D7880E8DE7D4),
        (0x2C7685E0875F11EBA5E2D7880E8DE7D4, 0x2F7BAF90875F11EBA5E2D7880E8DE7D4),
        (0x2C7685E0875F11EBA5E2D7880E8DE7D4, 0x306C9F40875F11EBA5E2D7880E8DE7D4),
        (0x2C7685E0875F11EBA5E2D7880E8DE7D4, 0x31FF2620875F11EBA5E2D7880E8DE7D4),
        (0x2C7685E0875F11EBA5E2D7880E8DE7D4, 0x342E3B20875F11EBA5E2D7880E8DE7D4),
        (0x2C7685E0875F11EBA5E2D7880E8DE7D4, 0x35AA2CC0875F11EBA5E2D7880E8DE7D4),
        (0x2C7685E0875F11EBA5E2D7880E8DE7D4, 0x362A8050875F11EBA5E2D7880E8DE7D4),
        (0x2C7685E0875F11EBA5E2D7880E8DE7D4, 0x37EC7BA0875F11EBA5E2D7880E8DE7D4),
        (0x2C7685E0875F11EBA5E2D7880E8DE7D4, 0x38CB69F0875F11EBA5E2D7880E8DE7D4),
        (0x2C7685E0875F11EBA5E2D7880E8DE7D4, 0x3AC39070875F11EBA5E2D7880E8DE7D4),
        (0x2C7685E0875F11EBA5E2D7880E8DE7D4, 0x3D04A6D0875F11EBA5E2D7880E8DE7D4),
        (0x2C7685E0875F11EBA5E2D7880E8DE7D4, 0x3E9E3290875F11EBA5E2D7880E8DE7D4),
        (0x2C7685E0875F11EBA5E2D7880E8DE7D4, 0x4053D1D0875F11EBA5E2D7880E8DE7D4),
        (0x2C7685E0875F11EBA5E2D7880E8DE7D4, 0x4436FF70875F11EBA5E2D7880E8DE7D4),
        (0x2C7685E0875F11EBA5E2D7880E8DE7D4, 0x44A2B990875F11EBA5E2D7880E8DE7D4),
        (0x2C7685E0875F11EBA5E2D7880E8DE7D4, 0x457301E0875F11EBA5E2D7880E8DE7D4),
        (0x2C7685E0875F11EBA5E2D7880E8DE7D4, 0x464F7F30875F11EBA5E2D7880E8DE7D4),
        (0x2C7685E0875F11EBA5E2D7880E8DE7D4, 0x4724F7A0875F11EBA5E2D7880E8DE7D4),
        (0x2C7685E0875F11EBA5E2D7880E8DE7D4, 0x48C70EE0875F11EBA5E2D7880E8DE7D4),
        (0x2C7685E0875F11EBA5E2D7880E8DE7D4, 0x49FD6C00875F11EBA5E2D7880E8DE7D4),
        (0x2C7685E0875F11EBA5E2D7880E8DE7D4, 0x4BAD65F0875F11EBA5E2D7880E8DE7D4),
        (0x2C7685E0875F11EBA5E2D7880E8DE7D4, 0x4F30E760875F11EBA5E2D7880E8DE7D4),
        (0x2C7685E0875F11EBA5E2D7880E8DE7D4, 0x4FA972C0875F11EBA5E2D7880E8DE7D4),
        (0x2C7685E0875F11EBA5E2D7880E8DE7D4, 0x514F3380875F11EBA5E2D7880E8DE7D4),
        (0x2C7685E0875F11EBA5E2D7880E8DE7D4, 0x51D5C8A0875F11EBA5E2D7880E8DE7D4),
        (0x2C7685E0875F11EBA5E2D7880E8DE7D4, 0x53141500875F11EBA5E2D7880E8DE7D4),
        (0x2C7685E0875F11EBA5E2D7880E8DE7D4, 0x53F462E0875F11EBA5E2D7880E8DE7D4),
        (0x2C7685E0875F11EBA5E2D7880E8DE7D4, 0x56917BF0875F11EBA5E2D7880E8DE7D4),
        (0x2C7685E0875F11EBA5E2D7880E8DE7D4, 0x598A4990875F11EBA5E2D7880E8DE7D4),
        (0x2C7685E0875F11EBA5E2D7880E8DE7D4, 0x59F8C2D0875F11EBA5E2D7880E8DE7D4),
        (0x2C7685E0875F11EBA5E2D7880E8DE7D4, 0x5B9311E0875F11EBA5E2D7880E8DE7D4),
        (0x2C7685E0875F11EBA5E2D7880E8DE7D4, 0x5C13DAA0875F11EBA5E2D7880E8DE7D4),
        (0x2C7685E0875F11EBA5E2D7880E8DE7D4, 0x5D53D4B0875F11EBA5E2D7880E8DE7D4),
        (0x2C7685E0875F11EBA5E2D7880E8DE7D4, 0x5E307910875F11EBA5E2D7880E8DE7D4),
        (0x2C7685E0875F11EBA5E2D7880E8DE7D4, 0x60B723F0875F11EBA5E2D7880E8DE7D4),
        (0x2C7685E0875F11EBA5E2D7880E8DE7D4, 0x6211D1F0875F11EBA5E2D7880E8DE7D4),
        (0x2C7685E0875F11EBA5E2D7880E8DE7D4, 0x627C5390875F11EBA5E2D7880E8DE7D4),
        (0x2C7685E0875F11EBA5E2D7880E8DE7D4, 0x63AFA370875F11EBA5E2D7880E8DE7D4),
        (0x2C7685E0875F11EBA5E2D7880E8DE7D4, 0x64840A70875F11EBA5E2D7880E8DE7D4),
        (0x2C77E570875F11EBA5E2D7880E8DE7D4, 0x2D6D1AE0875F11EBA5E2D7880E8DE7D4),
        (0x2C77E570875F11EBA5E2D7880E8DE7D4, 0x2E67A780875F11EBA5E2D7880E8DE7D4),
        (0x2C77E570875F11EBA5E2D7880E8DE7D4, 0x2EE478A0875F11EBA5E2D7880E8DE7D4),
        (0x2C77E570875F11EBA5E2D7880E8DE7D4, 0x2FF8CED0875F11EBA5E2D7880E8DE7D4),
        (0x2C77E570875F11EBA5E2D7880E8DE7D4, 0x306C9F40875F11EBA5E2D7880E8DE7D4),
        (0x2C77E570875F11EBA5E2D7880E8DE7D4, 0x31762000875F11EBA5E2D7880E8DE7D4),
        (0x2C77E570875F11EBA5E2D7880E8DE7D4, 0x31FF2620875F11EBA5E2D7880E8DE7D4),
        (0x2C77E570875F11EBA5E2D7880E8DE7D4, 0x32A180A0875F11EBA5E2D7880E8DE7D4),
        (0x2C77E570875F11EBA5E2D7880E8DE7D4, 0x342E3B20875F11EBA5E2D7880E8DE7D4),
        (0x2C77E570875F11EBA5E2D7880E8DE7D4, 0x34ABA880875F11EBA5E2D7880E8DE7D4),
        (0x2C77E570875F11EBA5E2D7880E8DE7D4, 0x35AA2CC0875F11EBA5E2D7880E8DE7D4),
        (0x2C77E570875F11EBA5E2D7880E8DE7D4, 0x362A8050875F11EBA5E2D7880E8DE7D4),
        (0x2C77E570875F11EBA5E2D7880E8DE7D4, 0x37748C80875F11EBA5E2D7880E8DE7D4),
        (0x2C77E570875F11EBA5E2D7880E8DE7D4, 0x38CB69F0875F11EBA5E2D7880E8DE7D4),
        (0x2C77E570875F11EBA5E2D7880E8DE7D4, 0x39CA6360875F11EBA5E2D7880E8DE7D4),
        (0x2C77E570875F11EBA5E2D7880E8DE7D4, 0x3AC39070875F11EBA5E2D7880E8DE7D4),
        (0x2C77E570875F11EBA5E2D7880E8DE7D4, 0x3B3983C0875F11EBA5E2D7880E8DE7D4),
        (0x2C77E570875F11EBA5E2D7880E8DE7D4, 0x3BAF9E20875F11EBA5E2D7880E8DE7D4),
        (0x2C77E570875F11EBA5E2D7880E8DE7D4, 0x3D6A4670875F11EBA5E2D7880E8DE7D4),
        (0x2C77E570875F11EBA5E2D7880E8DE7D4, 0x3E9E3290875F11EBA5E2D7880E8DE7D4),
        (0x2C77E570875F11EBA5E2D7880E8DE7D4, 0x3F80CA60875F11EBA5E2D7880E8DE7D4),
        (0x2C77E570875F11EBA5E2D7880E8DE7D4, 0x4053D1D0875F11EBA5E2D7880E8DE7D4),
        (0x2C77E570875F11EBA5E2D7880E8DE7D4, 0x41381750875F11EBA5E2D7880E8DE7D4),
        (0x2C77E570875F11EBA5E2D7880E8DE7D4, 0x42877AB0875F11EBA5E2D7880E8DE7D4),
        (0x2C77E570875F11EBA5E2D7880E8DE7D4, 0x43C9E5C0875F11EBA5E2D7880E8DE7D4),
        (0x2C77E570875F11EBA5E2D7880E8DE7D4, 0x4436FF70875F11EBA5E2D7880E8DE7D4),
        (0x2C77E570875F11EBA5E2D7880E8DE7D4, 0x44A2B990875F11EBA5E2D7880E8DE7D4),
        (0x2C77E570875F11EBA5E2D7880E8DE7D4, 0x457301E0875F11EBA5E2D7880E8DE7D4),
        (0x2C77E570875F11EBA5E2D7880E8DE7D4, 0x464F7F30875F11EBA5E2D7880E8DE7D4),
        (0x2C77E570875F11EBA5E2D7880E8DE7D4, 0x46BCBFF0875F11EBA5E2D7880E8DE7D4),
        (0x2C77E570875F11EBA5E2D7880E8DE7D4, 0x4724F7A0875F11EBA5E2D7880E8DE7D4),
        (0x2C77E570875F11EBA5E2D7880E8DE7D4, 0x47917510875F11EBA5E2D7880E8DE7D4),
        (0x2C77E570875F11EBA5E2D7880E8DE7D4, 0x47F762D0875F11EBA5E2D7880E8DE7D4),
        (0x2C77E570875F11EBA5E2D7880E8DE7D4, 0x48C70EE0875F11EBA5E2D7880E8DE7D4),
        (0x2C77E570875F11EBA5E2D7880E8DE7D4, 0x49FD6C00875F11EBA5E2D7880E8DE7D4),
        (0x2C77E570875F11EBA5E2D7880E8DE7D4, 0x4B44B910875F11EBA5E2D7880E8DE7D4),
        (0x2C77E570875F11EBA5E2D7880E8DE7D4, 0x4BAD65F0875F11EBA5E2D7880E8DE7D4),
        (0x2C77E570875F11EBA5E2D7880E8DE7D4, 0x4D0777B0875F11EBA5E2D7880E8DE7D4),
        (0x2C77E570875F11EBA5E2D7880E8DE7D4, 0x4D80ED70875F11EBA5E2D7880E8DE7D4),
        (0x2C77E570875F11EBA5E2D7880E8DE7D4, 0x4DEE0720875F11EBA5E2D7880E8DE7D4),
        (0x2C77E570875F11EBA5E2D7880E8DE7D4, 0x4E5EF160875F11EBA5E2D7880E8DE7D4),
        (0x2C77E570875F11EBA5E2D7880E8DE7D4, 0x4F30E760875F11EBA5E2D7880E8DE7D4),
        (0x2C77E570875F11EBA5E2D7880E8DE7D4, 0x4FA972C0875F11EBA5E2D7880E8DE7D4),
        (0x2C77E570875F11EBA5E2D7880E8DE7D4, 0x5018AF50875F11EBA5E2D7880E8DE7D4),
        (0x2C77E570875F11EBA5E2D7880E8DE7D4, 0x50E3EE90875F11EBA5E2D7880E8DE7D4),
        (0x2C77E570875F11EBA5E2D7880E8DE7D4, 0x514F3380875F11EBA5E2D7880E8DE7D4),
        (0x2C77E570875F11EBA5E2D7880E8DE7D4, 0x53141500875F11EBA5E2D7880E8DE7D4),
        (0x2C77E570875F11EBA5E2D7880E8DE7D4, 0x538CA060875F11EBA5E2D7880E8DE7D4),
        (0x2C77E570875F11EBA5E2D7880E8DE7D4, 0x53F462E0875F11EBA5E2D7880E8DE7D4),
        (0x2C77E570875F11EBA5E2D7880E8DE7D4, 0x54661070875F11EBA5E2D7880E8DE7D4),
        (0x2C77E570875F11EBA5E2D7880E8DE7D4, 0x55396600875F11EBA5E2D7880E8DE7D4),
        (0x2C77E570875F11EBA5E2D7880E8DE7D4, 0x56254CA0875F11EBA5E2D7880E8DE7D4),
        (0x2C77E570875F11EBA5E2D7880E8DE7D4, 0x56917BF0875F11EBA5E2D7880E8DE7D4),
        (0x2C77E570875F11EBA5E2D7880E8DE7D4, 0x57DCC0A0875F11EBA5E2D7880E8DE7D4),
        (0x2C77E570875F11EBA5E2D7880E8DE7D4, 0x58F53580875F11EBA5E2D7880E8DE7D4),
        (0x2C77E570875F11EBA5E2D7880E8DE7D4, 0x598A4990875F11EBA5E2D7880E8DE7D4),
        (0x2C77E570875F11EBA5E2D7880E8DE7D4, 0x59F8C2D0875F11EBA5E2D7880E8DE7D4),
        (0x2C77E570875F11EBA5E2D7880E8DE7D4, 0x5B9311E0875F11EBA5E2D7880E8DE7D4),
        (0x2C77E570875F11EBA5E2D7880E8DE7D4, 0x5CE07970875F11EBA5E2D7880E8DE7D4),
        (0x2C77E570875F11EBA5E2D7880E8DE7D4, 0x5D53D4B0875F11EBA5E2D7880E8DE7D4),
        (0x2C77E570875F11EBA5E2D7880E8DE7D4, 0x5E307910875F11EBA5E2D7880E8DE7D4),
        (0x2C77E570875F11EBA5E2D7880E8DE7D4, 0x5E9D1D90875F11EBA5E2D7880E8DE7D4),
        (0x2C77E570875F11EBA5E2D7880E8DE7D4, 0x5F063FA0875F11EBA5E2D7880E8DE7D4),
        (0x2C77E570875F11EBA5E2D7880E8DE7D4, 0x5F713670875F11EBA5E2D7880E8DE7D4),
        (0x2C77E570875F11EBA5E2D7880E8DE7D4, 0x5FDDB3E0875F11EBA5E2D7880E8DE7D4),
        (0x2C77E570875F11EBA5E2D7880E8DE7D4, 0x60B723F0875F11EBA5E2D7880E8DE7D4),
        (0x2C77E570875F11EBA5E2D7880E8DE7D4, 0x612DB380875F11EBA5E2D7880E8DE7D4),
        (0x2C77E570875F11EBA5E2D7880E8DE7D4, 0x61A02460875F11EBA5E2D7880E8DE7D4),
        (0x2C77E570875F11EBA5E2D7880E8DE7D4, 0x627C5390875F11EBA5E2D7880E8DE7D4),
        (0x2C77E570875F11EBA5E2D7880E8DE7D4, 0x63AFA370875F11EBA5E2D7880E8DE7D4),
        (0x2C77E570875F11EBA5E2D7880E8DE7D4, 0x641D5960875F11EBA5E2D7880E8DE7D4),
        (0x2C77E570875F11EBA5E2D7880E8DE7D4, 0x64840A70875F11EBA5E2D7880E8DE7D4),
        (0x2C794500875F11EBA5E2D7880E8DE7D4, 0x2CF97180875F11EBA5E2D7880E8DE7D4),
        (0x2C794500875F11EBA5E2D7880E8DE7D4, 0x2D6D1AE0875F11EBA5E2D7880E8DE7D4),
        (0x2C794500875F11EBA5E2D7880E8DE7D4, 0x2E67A780875F11EBA5E2D7880E8DE7D4),
        (0x2C794500875F11EBA5E2D7880E8DE7D4, 0x2EE478A0875F11EBA5E2D7880E8DE7D4),
        (0x2C794500875F11EBA5E2D7880E8DE7D4, 0x2F7BAF90875F11EBA5E2D7880E8DE7D4),
        (0x2C794500875F11EBA5E2D7880E8DE7D4, 0x2FF8CED0875F11EBA5E2D7880E8DE7D4),
        (0x2C794500875F11EBA5E2D7880E8DE7D4, 0x306C9F40875F11EBA5E2D7880E8DE7D4),
        (0x2C794500875F11EBA5E2D7880E8DE7D4, 0x31762000875F11EBA5E2D7880E8DE7D4),
        (0x2C794500875F11EBA5E2D7880E8DE7D4, 0x31FF2620875F11EBA5E2D7880E8DE7D4),
        (0x2C794500875F11EBA5E2D7880E8DE7D4, 0x32A180A0875F11EBA5E2D7880E8DE7D4),
        (0x2C794500875F11EBA5E2D7880E8DE7D4, 0x342E3B20875F11EBA5E2D7880E8DE7D4),
        (0x2C794500875F11EBA5E2D7880E8DE7D4, 0x34ABA880875F11EBA5E2D7880E8DE7D4),
        (0x2C794500875F11EBA5E2D7880E8DE7D4, 0x35AA2CC0875F11EBA5E2D7880E8DE7D4),
        (0x2C794500875F11EBA5E2D7880E8DE7D4, 0x362A8050875F11EBA5E2D7880E8DE7D4),
        (0x2C794500875F11EBA5E2D7880E8DE7D4, 0x37748C80875F11EBA5E2D7880E8DE7D4),
        (0x2C794500875F11EBA5E2D7880E8DE7D4, 0x38CB69F0875F11EBA5E2D7880E8DE7D4),
        (0x2C794500875F11EBA5E2D7880E8DE7D4, 0x39CA6360875F11EBA5E2D7880E8DE7D4),
        (0x2C794500875F11EBA5E2D7880E8DE7D4, 0x3AC39070875F11EBA5E2D7880E8DE7D4),
        (0x2C794500875F11EBA5E2D7880E8DE7D4, 0x3BAF9E20875F11EBA5E2D7880E8DE7D4),
        (0x2C794500875F11EBA5E2D7880E8DE7D4, 0x3D04A6D0875F11EBA5E2D7880E8DE7D4),
        (0x2C794500875F11EBA5E2D7880E8DE7D4, 0x3E9E3290875F11EBA5E2D7880E8DE7D4),
        (0x2C794500875F11EBA5E2D7880E8DE7D4, 0x3F80CA60875F11EBA5E2D7880E8DE7D4),
        (0x2C794500875F11EBA5E2D7880E8DE7D4, 0x4053D1D0875F11EBA5E2D7880E8DE7D4),
        (0x2C794500875F11EBA5E2D7880E8DE7D4, 0x41381750875F11EBA5E2D7880E8DE7D4),
        (0x2C794500875F11EBA5E2D7880E8DE7D4, 0x42877AB0875F11EBA5E2D7880E8DE7D4),
        (0x2C794500875F11EBA5E2D7880E8DE7D4, 0x43C9E5C0875F11EBA5E2D7880E8DE7D4),
        (0x2C794500875F11EBA5E2D7880E8DE7D4, 0x4436FF70875F11EBA5E2D7880E8DE7D4),
        (0x2C794500875F11EBA5E2D7880E8DE7D4, 0x44A2B990875F11EBA5E2D7880E8DE7D4),
        (0x2C794500875F11EBA5E2D7880E8DE7D4, 0x457301E0875F11EBA5E2D7880E8DE7D4),
        (0x2C794500875F11EBA5E2D7880E8DE7D4, 0x464F7F30875F11EBA5E2D7880E8DE7D4),
        (0x2C794500875F11EBA5E2D7880E8DE7D4, 0x46BCBFF0875F11EBA5E2D7880E8DE7D4),
        (0x2C794500875F11EBA5E2D7880E8DE7D4, 0x4724F7A0875F11EBA5E2D7880E8DE7D4),
        (0x2C794500875F11EBA5E2D7880E8DE7D4, 0x47917510875F11EBA5E2D7880E8DE7D4),
        (0x2C794500875F11EBA5E2D7880E8DE7D4, 0x47F762D0875F11EBA5E2D7880E8DE7D4),
        (0x2C794500875F11EBA5E2D7880E8DE7D4, 0x48C70EE0875F11EBA5E2D7880E8DE7D4),
        (0x2C794500875F11EBA5E2D7880E8DE7D4, 0x49FD6C00875F11EBA5E2D7880E8DE7D4),
        (0x2C794500875F11EBA5E2D7880E8DE7D4, 0x4B44B910875F11EBA5E2D7880E8DE7D4),
        (0x2C794500875F11EBA5E2D7880E8DE7D4, 0x4BAD65F0875F11EBA5E2D7880E8DE7D4),
        (0x2C794500875F11EBA5E2D7880E8DE7D4, 0x4D0777B0875F11EBA5E2D7880E8DE7D4),
        (0x2C794500875F11EBA5E2D7880E8DE7D4, 0x4D80ED70875F11EBA5E2D7880E8DE7D4),
        (0x2C794500875F11EBA5E2D7880E8DE7D4, 0x4DEE0720875F11EBA5E2D7880E8DE7D4),
        (0x2C794500875F11EBA5E2D7880E8DE7D4, 0x4E5EF160875F11EBA5E2D7880E8DE7D4),
        (0x2C794500875F11EBA5E2D7880E8DE7D4, 0x4F30E760875F11EBA5E2D7880E8DE7D4),
        (0x2C794500875F11EBA5E2D7880E8DE7D4, 0x4FA972C0875F11EBA5E2D7880E8DE7D4),
        (0x2C794500875F11EBA5E2D7880E8DE7D4, 0x5018AF50875F11EBA5E2D7880E8DE7D4),
        (0x2C794500875F11EBA5E2D7880E8DE7D4, 0x50E3EE90875F11EBA5E2D7880E8DE7D4),
        (0x2C794500875F11EBA5E2D7880E8DE7D4, 0x514F3380875F11EBA5E2D7880E8DE7D4),
        (0x2C794500875F11EBA5E2D7880E8DE7D4, 0x51D5C8A0875F11EBA5E2D7880E8DE7D4),
        (0x2C794500875F11EBA5E2D7880E8DE7D4, 0x523CEEE0875F11EBA5E2D7880E8DE7D4),
        (0x2C794500875F11EBA5E2D7880E8DE7D4, 0x53141500875F11EBA5E2D7880E8DE7D4),
        (0x2C794500875F11EBA5E2D7880E8DE7D4, 0x538CA060875F11EBA5E2D7880E8DE7D4),
        (0x2C794500875F11EBA5E2D7880E8DE7D4, 0x53F462E0875F11EBA5E2D7880E8DE7D4),
        (0x2C794500875F11EBA5E2D7880E8DE7D4, 0x54661070875F11EBA5E2D7880E8DE7D4),
        (0x2C794500875F11EBA5E2D7880E8DE7D4, 0x55396600875F11EBA5E2D7880E8DE7D4),
        (0x2C794500875F11EBA5E2D7880E8DE7D4, 0x56254CA0875F11EBA5E2D7880E8DE7D4),
        (0x2C794500875F11EBA5E2D7880E8DE7D4, 0x56917BF0875F11EBA5E2D7880E8DE7D4),
        (0x2C794500875F11EBA5E2D7880E8DE7D4, 0x57DCC0A0875F11EBA5E2D7880E8DE7D4),
        (0x2C794500875F11EBA5E2D7880E8DE7D4, 0x58F53580875F11EBA5E2D7880E8DE7D4),
        (0x2C794500875F11EBA5E2D7880E8DE7D4, 0x598A4990875F11EBA5E2D7880E8DE7D4),
        (0x2C794500875F11EBA5E2D7880E8DE7D4, 0x59F8C2D0875F11EBA5E2D7880E8DE7D4),
        (0x2C794500875F11EBA5E2D7880E8DE7D4, 0x5B9311E0875F11EBA5E2D7880E8DE7D4),
        (0x2C794500875F11EBA5E2D7880E8DE7D4, 0x5C13DAA0875F11EBA5E2D7880E8DE7D4),
        (0x2C794500875F11EBA5E2D7880E8DE7D4, 0x5CE07970875F11EBA5E2D7880E8DE7D4),
        (0x2C794500875F11EBA5E2D7880E8DE7D4, 0x5D53D4B0875F11EBA5E2D7880E8DE7D4),
        (0x2C794500875F11EBA5E2D7880E8DE7D4, 0x5E307910875F11EBA5E2D7880E8DE7D4),
        (0x2C794500875F11EBA5E2D7880E8DE7D4, 0x5E9D1D90875F11EBA5E2D7880E8DE7D4),
        (0x2C794500875F11EBA5E2D7880E8DE7D4, 0x5F063FA0875F11EBA5E2D7880E8DE7D4),
        (0x2C794500875F11EBA5E2D7880E8DE7D4, 0x5F713670875F11EBA5E2D7880E8DE7D4),
        (0x2C794500875F11EBA5E2D7880E8DE7D4, 0x5FDDB3E0875F11EBA5E2D7880E8DE7D4),
        (0x2C794500875F11EBA5E2D7880E8DE7D4, 0x60B723F0875F11EBA5E2D7880E8DE7D4),
        (0x2C794500875F11EBA5E2D7880E8DE7D4, 0x612DB380875F11EBA5E2D7880E8DE7D4),
        (0x2C794500875F11EBA5E2D7880E8DE7D4, 0x61A02460875F11EBA5E2D7880E8DE7D4),
        (0x2C794500875F11EBA5E2D7880E8DE7D4, 0x6211D1F0875F11EBA5E2D7880E8DE7D4),
        (0x2C794500875F11EBA5E2D7880E8DE7D4, 0x627C5390875F11EBA5E2D7880E8DE7D4),
        (0x2C794500875F11EBA5E2D7880E8DE7D4, 0x62EC5370875F11EBA5E2D7880E8DE7D4),
        (0x2C794500875F11EBA5E2D7880E8DE7D4, 0x63AFA370875F11EBA5E2D7880E8DE7D4),
        (0x2C794500875F11EBA5E2D7880E8DE7D4, 0x64840A70875F11EBA5E2D7880E8DE7D4),
        (0x2C7ACBA0875F11EBA5E2D7880E8DE7D4, 0x2CF97180875F11EBA5E2D7880E8DE7D4),
        (0x2C7ACBA0875F11EBA5E2D7880E8DE7D4, 0x2D6D1AE0875F11EBA5E2D7880E8DE7D4),
        (0x2C7ACBA0875F11EBA5E2D7880E8DE7D4, 0x2DDCF3B0875F11EBA5E2D7880E8DE7D4),
        (0x2C7ACBA0875F11EBA5E2D7880E8DE7D4, 0x2E67A780875F11EBA5E2D7880E8DE7D4),
        (0x2C7ACBA0875F11EBA5E2D7880E8DE7D4, 0x2EE478A0875F11EBA5E2D7880E8DE7D4),
        (0x2C7ACBA0875F11EBA5E2D7880E8DE7D4, 0x2F7BAF90875F11EBA5E2D7880E8DE7D4),
        (0x2C7ACBA0875F11EBA5E2D7880E8DE7D4, 0x2FF8CED0875F11EBA5E2D7880E8DE7D4),
        (0x2C7ACBA0875F11EBA5E2D7880E8DE7D4, 0x306C9F40875F11EBA5E2D7880E8DE7D4),
        (0x2C7ACBA0875F11EBA5E2D7880E8DE7D4, 0x31069550875F11EBA5E2D7880E8DE7D4),
        (0x2C7ACBA0875F11EBA5E2D7880E8DE7D4, 0x31762000875F11EBA5E2D7880E8DE7D4),
        (0x2C7ACBA0875F11EBA5E2D7880E8DE7D4, 0x31FF2620875F11EBA5E2D7880E8DE7D4),
        (0x2C7ACBA0875F11EBA5E2D7880E8DE7D4, 0x32A180A0875F11EBA5E2D7880E8DE7D4),
        (0x2C7ACBA0875F11EBA5E2D7880E8DE7D4, 0x333F6E50875F11EBA5E2D7880E8DE7D4),
        (0x2C7ACBA0875F11EBA5E2D7880E8DE7D4, 0x33B7AB90875F11EBA5E2D7880E8DE7D4),
        (0x2C7ACBA0875F11EBA5E2D7880E8DE7D4, 0x342E3B20875F11EBA5E2D7880E8DE7D4),
        (0x2C7ACBA0875F11EBA5E2D7880E8DE7D4, 0x34ABA880875F11EBA5E2D7880E8DE7D4),
        (0x2C7ACBA0875F11EBA5E2D7880E8DE7D4, 0x351FA000875F11EBA5E2D7880E8DE7D4),
        (0x2C7ACBA0875F11EBA5E2D7880E8DE7D4, 0x35AA2CC0875F11EBA5E2D7880E8DE7D4),
        (0x2C7ACBA0875F11EBA5E2D7880E8DE7D4, 0x362A8050875F11EBA5E2D7880E8DE7D4),
        (0x2C7ACBA0875F11EBA5E2D7880E8DE7D4, 0x369B4380875F11EBA5E2D7880E8DE7D4),
        (0x2C7ACBA0875F11EBA5E2D7880E8DE7D4, 0x370A31F0875F11EBA5E2D7880E8DE7D4),
        (0x2C7ACBA0875F11EBA5E2D7880E8DE7D4, 0x37748C80875F11EBA5E2D7880E8DE7D4),
        (0x2C7ACBA0875F11EBA5E2D7880E8DE7D4, 0x37EC7BA0875F11EBA5E2D7880E8DE7D4),
        (0x2C7ACBA0875F11EBA5E2D7880E8DE7D4, 0x38566100875F11EBA5E2D7880E8DE7D4),
        (0x2C7ACBA0875F11EBA5E2D7880E8DE7D4, 0x38CB69F0875F11EBA5E2D7880E8DE7D4),
        (0x2C7ACBA0875F11EBA5E2D7880E8DE7D4, 0x395114B0875F11EBA5E2D7880E8DE7D4),
        (0x2C7ACBA0875F11EBA5E2D7880E8DE7D4, 0x39CA6360875F11EBA5E2D7880E8DE7D4),
        (0x2C7ACBA0875F11EBA5E2D7880E8DE7D4, 0x3AC39070875F11EBA5E2D7880E8DE7D4),
        (0x2C7ACBA0875F11EBA5E2D7880E8DE7D4, 0x3B3983C0875F11EBA5E2D7880E8DE7D4),
        (0x2C7ACBA0875F11EBA5E2D7880E8DE7D4, 0x3BAF9E20875F11EBA5E2D7880E8DE7D4),
        (0x2C7ACBA0875F11EBA5E2D7880E8DE7D4, 0x3C1F28D0875F11EBA5E2D7880E8DE7D4),
        (0x2C7ACBA0875F11EBA5E2D7880E8DE7D4, 0x3C95DF70875F11EBA5E2D7880E8DE7D4),
        (0x2C7ACBA0875F11EBA5E2D7880E8DE7D4, 0x3D6A4670875F11EBA5E2D7880E8DE7D4),
        (0x2C7ACBA0875F11EBA5E2D7880E8DE7D4, 0x3DD193C0875F11EBA5E2D7880E8DE7D4),
        (0x2C7ACBA0875F11EBA5E2D7880E8DE7D4, 0x3E37A890875F11EBA5E2D7880E8DE7D4),
        (0x2C7ACBA0875F11EBA5E2D7880E8DE7D4, 0x3E9E3290875F11EBA5E2D7880E8DE7D4),
        (0x2C7ACBA0875F11EBA5E2D7880E8DE7D4, 0x3F15AC80875F11EBA5E2D7880E8DE7D4),
        (0x2C7ACBA0875F11EBA5E2D7880E8DE7D4, 0x3F80CA60875F11EBA5E2D7880E8DE7D4),
        (0x2C7ACBA0875F11EBA5E2D7880E8DE7D4, 0x3FEA61A0875F11EBA5E2D7880E8DE7D4),
        (0x2C7ACBA0875F11EBA5E2D7880E8DE7D4, 0x4053D1D0875F11EBA5E2D7880E8DE7D4),
        (0x2C7ACBA0875F11EBA5E2D7880E8DE7D4, 0x40C61BA0875F11EBA5E2D7880E8DE7D4),
        (0x2C7ACBA0875F11EBA5E2D7880E8DE7D4, 0x41381750875F11EBA5E2D7880E8DE7D4),
        (0x2C7ACBA0875F11EBA5E2D7880E8DE7D4, 0x41B86AE0875F11EBA5E2D7880E8DE7D4),
        (0x2C7ACBA0875F11EBA5E2D7880E8DE7D4, 0x421F1BF0875F11EBA5E2D7880E8DE7D4),
        (0x2C7ACBA0875F11EBA5E2D7880E8DE7D4, 0x42877AB0875F11EBA5E2D7880E8DE7D4),
        (0x2C7ACBA0875F11EBA5E2D7880E8DE7D4, 0x42F13900875F11EBA5E2D7880E8DE7D4),
        (0x2C7ACBA0875F11EBA5E2D7880E8DE7D4, 0x43627160875F11EBA5E2D7880E8DE7D4),
        (0x2C7ACBA0875F11EBA5E2D7880E8DE7D4, 0x43C9E5C0875F11EBA5E2D7880E8DE7D4),
        (0x2C7ACBA0875F11EBA5E2D7880E8DE7D4, 0x4436FF70875F11EBA5E2D7880E8DE7D4),
        (0x2C7ACBA0875F11EBA5E2D7880E8DE7D4, 0x44A2B990875F11EBA5E2D7880E8DE7D4),
        (0x2C7ACBA0875F11EBA5E2D7880E8DE7D4, 0x450D8950875F11EBA5E2D7880E8DE7D4),
        (0x2C7ACBA0875F11EBA5E2D7880E8DE7D4, 0x457301E0875F11EBA5E2D7880E8DE7D4),
        (0x2C7ACBA0875F11EBA5E2D7880E8DE7D4, 0x45E2B3A0875F11EBA5E2D7880E8DE7D4),
        (0x2C7ACBA0875F11EBA5E2D7880E8DE7D4, 0x464F7F30875F11EBA5E2D7880E8DE7D4),
        (0x2C7ACBA0875F11EBA5E2D7880E8DE7D4, 0x46BCBFF0875F11EBA5E2D7880E8DE7D4),
        (0x2C7ACBA0875F11EBA5E2D7880E8DE7D4, 0x4724F7A0875F11EBA5E2D7880E8DE7D4),
        (0x2C7ACBA0875F11EBA5E2D7880E8DE7D4, 0x47917510875F11EBA5E2D7880E8DE7D4),
        (0x2C7ACBA0875F11EBA5E2D7880E8DE7D4, 0x47F762D0875F11EBA5E2D7880E8DE7D4),
        (0x2C7ACBA0875F11EBA5E2D7880E8DE7D4, 0x4860ABF0875F11EBA5E2D7880E8DE7D4),
        (0x2C7ACBA0875F11EBA5E2D7880E8DE7D4, 0x48C70EE0875F11EBA5E2D7880E8DE7D4),
        (0x2C7ACBA0875F11EBA5E2D7880E8DE7D4, 0x4935AF30875F11EBA5E2D7880E8DE7D4),
        (0x2C7ACBA0875F11EBA5E2D7880E8DE7D4, 0x499AD9A0875F11EBA5E2D7880E8DE7D4),
        (0x2C7ACBA0875F11EBA5E2D7880E8DE7D4, 0x49FD6C00875F11EBA5E2D7880E8DE7D4),
        (0x2C7ACBA0875F11EBA5E2D7880E8DE7D4, 0x4A6EA460875F11EBA5E2D7880E8DE7D4),
        (0x2C7ACBA0875F11EBA5E2D7880E8DE7D4, 0x4ADB21D0875F11EBA5E2D7880E8DE7D4),
        (0x2C7ACBA0875F11EBA5E2D7880E8DE7D4, 0x4B44B910875F11EBA5E2D7880E8DE7D4),
        (0x2C7ACBA0875F11EBA5E2D7880E8DE7D4, 0x4BAD65F0875F11EBA5E2D7880E8DE7D4),
        (0x2C7ACBA0875F11EBA5E2D7880E8DE7D4, 0x4C1EEC70875F11EBA5E2D7880E8DE7D4),
        (0x2C7ACBA0875F11EBA5E2D7880E8DE7D4, 0x4C9220A0875F11EBA5E2D7880E8DE7D4),
        (0x2C7ACBA0875F11EBA5E2D7880E8DE7D4, 0x4D0777B0875F11EBA5E2D7880E8DE7D4),
        (0x2C7ACBA0875F11EBA5E2D7880E8DE7D4, 0x4D80ED70875F11EBA5E2D7880E8DE7D4),
        (0x2C7ACBA0875F11EBA5E2D7880E8DE7D4, 0x4DEE0720875F11EBA5E2D7880E8DE7D4),
        (0x2C7ACBA0875F11EBA5E2D7880E8DE7D4, 0x4E5EF160875F11EBA5E2D7880E8DE7D4),
        (0x2C7ACBA0875F11EBA5E2D7880E8DE7D4, 0x4ECB6ED0875F11EBA5E2D7880E8DE7D4),
        (0x2C7ACBA0875F11EBA5E2D7880E8DE7D4, 0x4F30E760875F11EBA5E2D7880E8DE7D4),
        (0x2C7ACBA0875F11EBA5E2D7880E8DE7D4, 0x4FA972C0875F11EBA5E2D7880E8DE7D4),
        (0x2C7ACBA0875F11EBA5E2D7880E8DE7D4, 0x5018AF50875F11EBA5E2D7880E8DE7D4),
        (0x2C7ACBA0875F11EBA5E2D7880E8DE7D4, 0x5079BB10875F11EBA5E2D7880E8DE7D4),
        (0x2C7ACBA0875F11EBA5E2D7880E8DE7D4, 0x50E3EE90875F11EBA5E2D7880E8DE7D4),
        (0x2C7ACBA0875F11EBA5E2D7880E8DE7D4, 0x514F3380875F11EBA5E2D7880E8DE7D4),
        (0x2C7ACBA0875F11EBA5E2D7880E8DE7D4, 0x523CEEE0875F11EBA5E2D7880E8DE7D4),
        (0x2C7ACBA0875F11EBA5E2D7880E8DE7D4, 0x52ACEEC0875F11EBA5E2D7880E8DE7D4),
        (0x2C7ACBA0875F11EBA5E2D7880E8DE7D4, 0x53141500875F11EBA5E2D7880E8DE7D4),
        (0x2C7ACBA0875F11EBA5E2D7880E8DE7D4, 0x538CA060875F11EBA5E2D7880E8DE7D4),
        (0x2C7ACBA0875F11EBA5E2D7880E8DE7D4, 0x53F462E0875F11EBA5E2D7880E8DE7D4),
        (0x2C7ACBA0875F11EBA5E2D7880E8DE7D4, 0x54661070875F11EBA5E2D7880E8DE7D4),
        (0x2C7ACBA0875F11EBA5E2D7880E8DE7D4, 0x54D10740875F11EBA5E2D7880E8DE7D4),
        (0x2C7ACBA0875F11EBA5E2D7880E8DE7D4, 0x55396600875F11EBA5E2D7880E8DE7D4),
        (0x2C7ACBA0875F11EBA5E2D7880E8DE7D4, 0x55A85470875F11EBA5E2D7880E8DE7D4),
        (0x2C7ACBA0875F11EBA5E2D7880E8DE7D4, 0x56254CA0875F11EBA5E2D7880E8DE7D4),
        (0x2C7ACBA0875F11EBA5E2D7880E8DE7D4, 0x56917BF0875F11EBA5E2D7880E8DE7D4),
        (0x2C7ACBA0875F11EBA5E2D7880E8DE7D4, 0x57048910875F11EBA5E2D7880E8DE7D4),
        (0x2C7ACBA0875F11EBA5E2D7880E8DE7D4, 0x5779B910875F11EBA5E2D7880E8DE7D4),
        (0x2C7ACBA0875F11EBA5E2D7880E8DE7D4, 0x57DCC0A0875F11EBA5E2D7880E8DE7D4),
        (0x2C7ACBA0875F11EBA5E2D7880E8DE7D4, 0x58892D40875F11EBA5E2D7880E8DE7D4),
        (0x2C7ACBA0875F11EBA5E2D7880E8DE7D4, 0x58F53580875F11EBA5E2D7880E8DE7D4),
        (0x2C7ACBA0875F11EBA5E2D7880E8DE7D4, 0x598A4990875F11EBA5E2D7880E8DE7D4),
        (0x2C7ACBA0875F11EBA5E2D7880E8DE7D4, 0x59F8C2D0875F11EBA5E2D7880E8DE7D4),
        (0x2C7ACBA0875F11EBA5E2D7880E8DE7D4, 0x5A76A560875F11EBA5E2D7880E8DE7D4),
        (0x2C7ACBA0875F11EBA5E2D7880E8DE7D4, 0x5B0FB110875F11EBA5E2D7880E8DE7D4),
        (0x2C7ACBA0875F11EBA5E2D7880E8DE7D4, 0x5B9311E0875F11EBA5E2D7880E8DE7D4),
        (0x2C7ACBA0875F11EBA5E2D7880E8DE7D4, 0x5C13DAA0875F11EBA5E2D7880E8DE7D4),
        (0x2C7ACBA0875F11EBA5E2D7880E8DE7D4, 0x5C7B9D20875F11EBA5E2D7880E8DE7D4),
        (0x2C7ACBA0875F11EBA5E2D7880E8DE7D4, 0x5CE07970875F11EBA5E2D7880E8DE7D4),
        (0x2C7ACBA0875F11EBA5E2D7880E8DE7D4, 0x5D53D4B0875F11EBA5E2D7880E8DE7D4),
        (0x2C7ACBA0875F11EBA5E2D7880E8DE7D4, 0x5DC77E10875F11EBA5E2D7880E8DE7D4),
        (0x2C7ACBA0875F11EBA5E2D7880E8DE7D4, 0x5E307910875F11EBA5E2D7880E8DE7D4),
        (0x2C7ACBA0875F11EBA5E2D7880E8DE7D4, 0x5E9D1D90875F11EBA5E2D7880E8DE7D4),
        (0x2C7ACBA0875F11EBA5E2D7880E8DE7D4, 0x5F063FA0875F11EBA5E2D7880E8DE7D4),
        (0x2C7ACBA0875F11EBA5E2D7880E8DE7D4, 0x5F713670875F11EBA5E2D7880E8DE7D4),
        (0x2C7ACBA0875F11EBA5E2D7880E8DE7D4, 0x5FDDB3E0875F11EBA5E2D7880E8DE7D4),
        (0x2C7ACBA0875F11EBA5E2D7880E8DE7D4, 0x604612A0875F11EBA5E2D7880E8DE7D4),
        (0x2C7ACBA0875F11EBA5E2D7880E8DE7D4, 0x60B723F0875F11EBA5E2D7880E8DE7D4),
        (0x2C7ACBA0875F11EBA5E2D7880E8DE7D4, 0x612DB380875F11EBA5E2D7880E8DE7D4),
        (0x2C7ACBA0875F11EBA5E2D7880E8DE7D4, 0x61A02460875F11EBA5E2D7880E8DE7D4),
        (0x2C7ACBA0875F11EBA5E2D7880E8DE7D4, 0x627C5390875F11EBA5E2D7880E8DE7D4),
        (0x2C7ACBA0875F11EBA5E2D7880E8DE7D4, 0x634B1540875F11EBA5E2D7880E8DE7D4),
        (0x2C7ACBA0875F11EBA5E2D7880E8DE7D4, 0x63AFA370875F11EBA5E2D7880E8DE7D4),
        (0x2C7ACBA0875F11EBA5E2D7880E8DE7D4, 0x641D5960875F11EBA5E2D7880E8DE7D4),
        (0x2C7ACBA0875F11EBA5E2D7880E8DE7D4, 0x64840A70875F11EBA5E2D7880E8DE7D4),
        (0x2C7C0420875F11EBA5E2D7880E8DE7D4, 0x2CF97180875F11EBA5E2D7880E8DE7D4),
        (0x2C7C0420875F11EBA5E2D7880E8DE7D4, 0x2D6D1AE0875F11EBA5E2D7880E8DE7D4),
        (0x2C7C0420875F11EBA5E2D7880E8DE7D4, 0x2DDCF3B0875F11EBA5E2D7880E8DE7D4),
        (0x2C7C0420875F11EBA5E2D7880E8DE7D4, 0x2E67A780875F11EBA5E2D7880E8DE7D4),
        (0x2C7C0420875F11EBA5E2D7880E8DE7D4, 0x2EE478A0875F11EBA5E2D7880E8DE7D4),
        (0x2C7C0420875F11EBA5E2D7880E8DE7D4, 0x2F7BAF90875F11EBA5E2D7880E8DE7D4),
        (0x2C7C0420875F11EBA5E2D7880E8DE7D4, 0x2FF8CED0875F11EBA5E2D7880E8DE7D4),
        (0x2C7C0420875F11EBA5E2D7880E8DE7D4, 0x306C9F40875F11EBA5E2D7880E8DE7D4),
        (0x2C7C0420875F11EBA5E2D7880E8DE7D4, 0x31069550875F11EBA5E2D7880E8DE7D4),
        (0x2C7C0420875F11EBA5E2D7880E8DE7D4, 0x31762000875F11EBA5E2D7880E8DE7D4),
        (0x2C7C0420875F11EBA5E2D7880E8DE7D4, 0x31FF2620875F11EBA5E2D7880E8DE7D4),
        (0x2C7C0420875F11EBA5E2D7880E8DE7D4, 0x32A180A0875F11EBA5E2D7880E8DE7D4),
        (0x2C7C0420875F11EBA5E2D7880E8DE7D4, 0x333F6E50875F11EBA5E2D7880E8DE7D4),
        (0x2C7C0420875F11EBA5E2D7880E8DE7D4, 0x33B7AB90875F11EBA5E2D7880E8DE7D4),
        (0x2C7C0420875F11EBA5E2D7880E8DE7D4, 0x342E3B20875F11EBA5E2D7880E8DE7D4),
        (0x2C7C0420875F11EBA5E2D7880E8DE7D4, 0x34ABA880875F11EBA5E2D7880E8DE7D4),
        (0x2C7C0420875F11EBA5E2D7880E8DE7D4, 0x351FA000875F11EBA5E2D7880E8DE7D4),
        (0x2C7C0420875F11EBA5E2D7880E8DE7D4, 0x35AA2CC0875F11EBA5E2D7880E8DE7D4),
        (0x2C7C0420875F11EBA5E2D7880E8DE7D4, 0x362A8050875F11EBA5E2D7880E8DE7D4),
        (0x2C7C0420875F11EBA5E2D7880E8DE7D4, 0x369B4380875F11EBA5E2D7880E8DE7D4),
        (0x2C7C0420875F11EBA5E2D7880E8DE7D4, 0x370A31F0875F11EBA5E2D7880E8DE7D4),
        (0x2C7C0420875F11EBA5E2D7880E8DE7D4, 0x37748C80875F11EBA5E2D7880E8DE7D4),
        (0x2C7C0420875F11EBA5E2D7880E8DE7D4, 0x37EC7BA0875F11EBA5E2D7880E8DE7D4),
        (0x2C7C0420875F11EBA5E2D7880E8DE7D4, 0x38566100875F11EBA5E2D7880E8DE7D4),
        (0x2C7C0420875F11EBA5E2D7880E8DE7D4, 0x38CB69F0875F11EBA5E2D7880E8DE7D4),
        (0x2C7C0420875F11EBA5E2D7880E8DE7D4, 0x395114B0875F11EBA5E2D7880E8DE7D4),
        (0x2C7C0420875F11EBA5E2D7880E8DE7D4, 0x39CA6360875F11EBA5E2D7880E8DE7D4),
        (0x2C7C0420875F11EBA5E2D7880E8DE7D4, 0x3A4FE710875F11EBA5E2D7880E8DE7D4),
        (0x2C7C0420875F11EBA5E2D7880E8DE7D4, 0x3AC39070875F11EBA5E2D7880E8DE7D4),
        (0x2C7C0420875F11EBA5E2D7880E8DE7D4, 0x3BAF9E20875F11EBA5E2D7880E8DE7D4),
        (0x2C7C0420875F11EBA5E2D7880E8DE7D4, 0x3D04A6D0875F11EBA5E2D7880E8DE7D4),
        (0x2C7C0420875F11EBA5E2D7880E8DE7D4, 0x3D6A4670875F11EBA5E2D7880E8DE7D4),
        (0x2C7C0420875F11EBA5E2D7880E8DE7D4, 0x3DD193C0875F11EBA5E2D7880E8DE7D4),
        (0x2C7C0420875F11EBA5E2D7880E8DE7D4, 0x3E37A890875F11EBA5E2D7880E8DE7D4),
        (0x2C7C0420875F11EBA5E2D7880E8DE7D4, 0x3E9E3290875F11EBA5E2D7880E8DE7D4),
        (0x2C7C0420875F11EBA5E2D7880E8DE7D4, 0x3F15AC80875F11EBA5E2D7880E8DE7D4),
        (0x2C7C0420875F11EBA5E2D7880E8DE7D4, 0x3F80CA60875F11EBA5E2D7880E8DE7D4),
        (0x2C7C0420875F11EBA5E2D7880E8DE7D4, 0x3FEA61A0875F11EBA5E2D7880E8DE7D4),
        (0x2C7C0420875F11EBA5E2D7880E8DE7D4, 0x4053D1D0875F11EBA5E2D7880E8DE7D4),
        (0x2C7C0420875F11EBA5E2D7880E8DE7D4, 0x40C61BA0875F11EBA5E2D7880E8DE7D4),
        (0x2C7C0420875F11EBA5E2D7880E8DE7D4, 0x41381750875F11EBA5E2D7880E8DE7D4),
        (0x2C7C0420875F11EBA5E2D7880E8DE7D4, 0x41B86AE0875F11EBA5E2D7880E8DE7D4),
        (0x2C7C0420875F11EBA5E2D7880E8DE7D4, 0x421F1BF0875F11EBA5E2D7880E8DE7D4),
        (0x2C7C0420875F11EBA5E2D7880E8DE7D4, 0x42877AB0875F11EBA5E2D7880E8DE7D4),
        (0x2C7C0420875F11EBA5E2D7880E8DE7D4, 0x42F13900875F11EBA5E2D7880E8DE7D4),
        (0x2C7C0420875F11EBA5E2D7880E8DE7D4, 0x43627160875F11EBA5E2D7880E8DE7D4),
        (0x2C7C0420875F11EBA5E2D7880E8DE7D4, 0x43C9E5C0875F11EBA5E2D7880E8DE7D4),
        (0x2C7C0420875F11EBA5E2D7880E8DE7D4, 0x4436FF70875F11EBA5E2D7880E8DE7D4),
        (0x2C7C0420875F11EBA5E2D7880E8DE7D4, 0x44A2B990875F11EBA5E2D7880E8DE7D4),
        (0x2C7C0420875F11EBA5E2D7880E8DE7D4, 0x450D8950875F11EBA5E2D7880E8DE7D4),
        (0x2C7C0420875F11EBA5E2D7880E8DE7D4, 0x457301E0875F11EBA5E2D7880E8DE7D4),
        (0x2C7C0420875F11EBA5E2D7880E8DE7D4, 0x45E2B3A0875F11EBA5E2D7880E8DE7D4),
        (0x2C7C0420875F11EBA5E2D7880E8DE7D4, 0x464F7F30875F11EBA5E2D7880E8DE7D4),
        (0x2C7C0420875F11EBA5E2D7880E8DE7D4, 0x46BCBFF0875F11EBA5E2D7880E8DE7D4),
        (0x2C7C0420875F11EBA5E2D7880E8DE7D4, 0x4724F7A0875F11EBA5E2D7880E8DE7D4),
        (0x2C7C0420875F11EBA5E2D7880E8DE7D4, 0x47917510875F11EBA5E2D7880E8DE7D4),
        (0x2C7C0420875F11EBA5E2D7880E8DE7D4, 0x47F762D0875F11EBA5E2D7880E8DE7D4),
        (0x2C7C0420875F11EBA5E2D7880E8DE7D4, 0x4860ABF0875F11EBA5E2D7880E8DE7D4),
        (0x2C7C0420875F11EBA5E2D7880E8DE7D4, 0x48C70EE0875F11EBA5E2D7880E8DE7D4),
        (0x2C7C0420875F11EBA5E2D7880E8DE7D4, 0x4935AF30875F11EBA5E2D7880E8DE7D4),
        (0x2C7C0420875F11EBA5E2D7880E8DE7D4, 0x499AD9A0875F11EBA5E2D7880E8DE7D4),
        (0x2C7C0420875F11EBA5E2D7880E8DE7D4, 0x49FD6C00875F11EBA5E2D7880E8DE7D4),
        (0x2C7C0420875F11EBA5E2D7880E8DE7D4, 0x4A6EA460875F11EBA5E2D7880E8DE7D4),
        (0x2C7C0420875F11EBA5E2D7880E8DE7D4, 0x4ADB21D0875F11EBA5E2D7880E8DE7D4),
        (0x2C7C0420875F11EBA5E2D7880E8DE7D4, 0x4B44B910875F11EBA5E2D7880E8DE7D4),
        (0x2C7C0420875F11EBA5E2D7880E8DE7D4, 0x4BAD65F0875F11EBA5E2D7880E8DE7D4),
        (0x2C7C0420875F11EBA5E2D7880E8DE7D4, 0x4C1EEC70875F11EBA5E2D7880E8DE7D4),
        (0x2C7C0420875F11EBA5E2D7880E8DE7D4, 0x4C9220A0875F11EBA5E2D7880E8DE7D4),
        (0x2C7C0420875F11EBA5E2D7880E8DE7D4, 0x4D0777B0875F11EBA5E2D7880E8DE7D4),
        (0x2C7C0420875F11EBA5E2D7880E8DE7D4, 0x4D80ED70875F11EBA5E2D7880E8DE7D4),
        (0x2C7C0420875F11EBA5E2D7880E8DE7D4, 0x4DEE0720875F11EBA5E2D7880E8DE7D4),
        (0x2C7C0420875F11EBA5E2D7880E8DE7D4, 0x4E5EF160875F11EBA5E2D7880E8DE7D4),
        (0x2C7C0420875F11EBA5E2D7880E8DE7D4, 0x4ECB6ED0875F11EBA5E2D7880E8DE7D4),
        (0x2C7C0420875F11EBA5E2D7880E8DE7D4, 0x4F30E760875F11EBA5E2D7880E8DE7D4),
        (0x2C7C0420875F11EBA5E2D7880E8DE7D4, 0x4FA972C0875F11EBA5E2D7880E8DE7D4),
        (0x2C7C0420875F11EBA5E2D7880E8DE7D4, 0x5018AF50875F11EBA5E2D7880E8DE7D4),
        (0x2C7C0420875F11EBA5E2D7880E8DE7D4, 0x5079BB10875F11EBA5E2D7880E8DE7D4),
        (0x2C7C0420875F11EBA5E2D7880E8DE7D4, 0x50E3EE90875F11EBA5E2D7880E8DE7D4),
        (0x2C7C0420875F11EBA5E2D7880E8DE7D4, 0x514F3380875F11EBA5E2D7880E8DE7D4),
        (0x2C7C0420875F11EBA5E2D7880E8DE7D4, 0x51D5C8A0875F11EBA5E2D7880E8DE7D4),
        (0x2C7C0420875F11EBA5E2D7880E8DE7D4, 0x523CEEE0875F11EBA5E2D7880E8DE7D4),
        (0x2C7C0420875F11EBA5E2D7880E8DE7D4, 0x52ACEEC0875F11EBA5E2D7880E8DE7D4),
        (0x2C7C0420875F11EBA5E2D7880E8DE7D4, 0x53141500875F11EBA5E2D7880E8DE7D4),
        (0x2C7C0420875F11EBA5E2D7880E8DE7D4, 0x538CA060875F11EBA5E2D7880E8DE7D4),
        (0x2C7C0420875F11EBA5E2D7880E8DE7D4, 0x53F462E0875F11EBA5E2D7880E8DE7D4),
        (0x2C7C0420875F11EBA5E2D7880E8DE7D4, 0x54661070875F11EBA5E2D7880E8DE7D4),
        (0x2C7C0420875F11EBA5E2D7880E8DE7D4, 0x54D10740875F11EBA5E2D7880E8DE7D4),
        (0x2C7C0420875F11EBA5E2D7880E8DE7D4, 0x55396600875F11EBA5E2D7880E8DE7D4),
        (0x2C7C0420875F11EBA5E2D7880E8DE7D4, 0x55A85470875F11EBA5E2D7880E8DE7D4),
        (0x2C7C0420875F11EBA5E2D7880E8DE7D4, 0x56254CA0875F11EBA5E2D7880E8DE7D4),
        (0x2C7C0420875F11EBA5E2D7880E8DE7D4, 0x56917BF0875F11EBA5E2D7880E8DE7D4),
        (0x2C7C0420875F11EBA5E2D7880E8DE7D4, 0x57048910875F11EBA5E2D7880E8DE7D4),
        (0x2C7C0420875F11EBA5E2D7880E8DE7D4, 0x5779B910875F11EBA5E2D7880E8DE7D4),
        (0x2C7C0420875F11EBA5E2D7880E8DE7D4, 0x57DCC0A0875F11EBA5E2D7880E8DE7D4),
        (0x2C7C0420875F11EBA5E2D7880E8DE7D4, 0x58892D40875F11EBA5E2D7880E8DE7D4),
        (0x2C7C0420875F11EBA5E2D7880E8DE7D4, 0x58F53580875F11EBA5E2D7880E8DE7D4),
        (0x2C7C0420875F11EBA5E2D7880E8DE7D4, 0x598A4990875F11EBA5E2D7880E8DE7D4),
        (0x2C7C0420875F11EBA5E2D7880E8DE7D4, 0x59F8C2D0875F11EBA5E2D7880E8DE7D4),
        (0x2C7C0420875F11EBA5E2D7880E8DE7D4, 0x5A76A560875F11EBA5E2D7880E8DE7D4),
        (0x2C7C0420875F11EBA5E2D7880E8DE7D4, 0x5B0FB110875F11EBA5E2D7880E8DE7D4),
        (0x2C7C0420875F11EBA5E2D7880E8DE7D4, 0x5B9311E0875F11EBA5E2D7880E8DE7D4),
        (0x2C7C0420875F11EBA5E2D7880E8DE7D4, 0x5C13DAA0875F11EBA5E2D7880E8DE7D4),
        (0x2C7C0420875F11EBA5E2D7880E8DE7D4, 0x5C7B9D20875F11EBA5E2D7880E8DE7D4),
        (0x2C7C0420875F11EBA5E2D7880E8DE7D4, 0x5CE07970875F11EBA5E2D7880E8DE7D4),
        (0x2C7C0420875F11EBA5E2D7880E8DE7D4, 0x5D53D4B0875F11EBA5E2D7880E8DE7D4),
        (0x2C7C0420875F11EBA5E2D7880E8DE7D4, 0x5DC77E10875F11EBA5E2D7880E8DE7D4),
        (0x2C7C0420875F11EBA5E2D7880E8DE7D4, 0x5E307910875F11EBA5E2D7880E8DE7D4),
        (0x2C7C0420875F11EBA5E2D7880E8DE7D4, 0x5E9D1D90875F11EBA5E2D7880E8DE7D4),
        (0x2C7C0420875F11EBA5E2D7880E8DE7D4, 0x5F063FA0875F11EBA5E2D7880E8DE7D4),
        (0x2C7C0420875F11EBA5E2D7880E8DE7D4, 0x5F713670875F11EBA5E2D7880E8DE7D4),
        (0x2C7C0420875F11EBA5E2D7880E8DE7D4, 0x5FDDB3E0875F11EBA5E2D7880E8DE7D4),
        (0x2C7C0420875F11EBA5E2D7880E8DE7D4, 0x604612A0875F11EBA5E2D7880E8DE7D4),
        (0x2C7C0420875F11EBA5E2D7880E8DE7D4, 0x60B723F0875F11EBA5E2D7880E8DE7D4),
        (0x2C7C0420875F11EBA5E2D7880E8DE7D4, 0x612DB380875F11EBA5E2D7880E8DE7D4),
        (0x2C7C0420875F11EBA5E2D7880E8DE7D4, 0x61A02460875F11EBA5E2D7880E8DE7D4),
        (0x2C7C0420875F11EBA5E2D7880E8DE7D4, 0x6211D1F0875F11EBA5E2D7880E8DE7D4),
        (0x2C7C0420875F11EBA5E2D7880E8DE7D4, 0x627C5390875F11EBA5E2D7880E8DE7D4),
        (0x2C7C0420875F11EBA5E2D7880E8DE7D4, 0x62EC5370875F11EBA5E2D7880E8DE7D4),
        (0x2C7C0420875F11EBA5E2D7880E8DE7D4, 0x634B1540875F11EBA5E2D7880E8DE7D4),
        (0x2C7C0420875F11EBA5E2D7880E8DE7D4, 0x63AFA370875F11EBA5E2D7880E8DE7D4),
        (0x2C7C0420875F11EBA5E2D7880E8DE7D4, 0x641D5960875F11EBA5E2D7880E8DE7D4),
        (0x2C7C0420875F11EBA5E2D7880E8DE7D4, 0x64840A70875F11EBA5E2D7880E8DE7D4),
        (0x2C7D3CA0875F11EBA5E2D7880E8DE7D4, 0x2CF97180875F11EBA5E2D7880E8DE7D4),
        (0x2C7D3CA0875F11EBA5E2D7880E8DE7D4, 0x2E67A780875F11EBA5E2D7880E8DE7D4),
        (0x2C7D3CA0875F11EBA5E2D7880E8DE7D4, 0x2EE478A0875F11EBA5E2D7880E8DE7D4),
        (0x2C7D3CA0875F11EBA5E2D7880E8DE7D4, 0x2F7BAF90875F11EBA5E2D7880E8DE7D4),
        (0x2C7D3CA0875F11EBA5E2D7880E8DE7D4, 0x306C9F40875F11EBA5E2D7880E8DE7D4),
        (0x2C7D3CA0875F11EBA5E2D7880E8DE7D4, 0x31FF2620875F11EBA5E2D7880E8DE7D4),
        (0x2C7D3CA0875F11EBA5E2D7880E8DE7D4, 0x33B7AB90875F11EBA5E2D7880E8DE7D4),
        (0x2C7D3CA0875F11EBA5E2D7880E8DE7D4, 0x342E3B20875F11EBA5E2D7880E8DE7D4),
        (0x2C7D3CA0875F11EBA5E2D7880E8DE7D4, 0x35AA2CC0875F11EBA5E2D7880E8DE7D4),
        (0x2C7D3CA0875F11EBA5E2D7880E8DE7D4, 0x362A8050875F11EBA5E2D7880E8DE7D4),
        (0x2C7D3CA0875F11EBA5E2D7880E8DE7D4, 0x38CB69F0875F11EBA5E2D7880E8DE7D4),
        (0x2C7D3CA0875F11EBA5E2D7880E8DE7D4, 0x3AC39070875F11EBA5E2D7880E8DE7D4),
        (0x2C7D3CA0875F11EBA5E2D7880E8DE7D4, 0x3E9E3290875F11EBA5E2D7880E8DE7D4),
        (0x2C7D3CA0875F11EBA5E2D7880E8DE7D4, 0x4053D1D0875F11EBA5E2D7880E8DE7D4),
        (0x2C7D3CA0875F11EBA5E2D7880E8DE7D4, 0x41381750875F11EBA5E2D7880E8DE7D4),
        (0x2C7D3CA0875F11EBA5E2D7880E8DE7D4, 0x43C9E5C0875F11EBA5E2D7880E8DE7D4),
        (0x2C7D3CA0875F11EBA5E2D7880E8DE7D4, 0x4436FF70875F11EBA5E2D7880E8DE7D4),
        (0x2C7D3CA0875F11EBA5E2D7880E8DE7D4, 0x44A2B990875F11EBA5E2D7880E8DE7D4),
        (0x2C7D3CA0875F11EBA5E2D7880E8DE7D4, 0x457301E0875F11EBA5E2D7880E8DE7D4),
        (0x2C7D3CA0875F11EBA5E2D7880E8DE7D4, 0x464F7F30875F11EBA5E2D7880E8DE7D4),
        (0x2C7D3CA0875F11EBA5E2D7880E8DE7D4, 0x4724F7A0875F11EBA5E2D7880E8DE7D4),
        (0x2C7D3CA0875F11EBA5E2D7880E8DE7D4, 0x48C70EE0875F11EBA5E2D7880E8DE7D4),
        (0x2C7D3CA0875F11EBA5E2D7880E8DE7D4, 0x49FD6C00875F11EBA5E2D7880E8DE7D4),
        (0x2C7D3CA0875F11EBA5E2D7880E8DE7D4, 0x4ADB21D0875F11EBA5E2D7880E8DE7D4),
        (0x2C7D3CA0875F11EBA5E2D7880E8DE7D4, 0x4BAD65F0875F11EBA5E2D7880E8DE7D4),
        (0x2C7D3CA0875F11EBA5E2D7880E8DE7D4, 0x4D0777B0875F11EBA5E2D7880E8DE7D4),
        (0x2C7D3CA0875F11EBA5E2D7880E8DE7D4, 0x4D80ED70875F11EBA5E2D7880E8DE7D4),
        (0x2C7D3CA0875F11EBA5E2D7880E8DE7D4, 0x4DEE0720875F11EBA5E2D7880E8DE7D4),
        (0x2C7D3CA0875F11EBA5E2D7880E8DE7D4, 0x4E5EF160875F11EBA5E2D7880E8DE7D4),
        (0x2C7D3CA0875F11EBA5E2D7880E8DE7D4, 0x4F30E760875F11EBA5E2D7880E8DE7D4),
        (0x2C7D3CA0875F11EBA5E2D7880E8DE7D4, 0x4FA972C0875F11EBA5E2D7880E8DE7D4),
        (0x2C7D3CA0875F11EBA5E2D7880E8DE7D4, 0x514F3380875F11EBA5E2D7880E8DE7D4),
        (0x2C7D3CA0875F11EBA5E2D7880E8DE7D4, 0x51D5C8A0875F11EBA5E2D7880E8DE7D4),
        (0x2C7D3CA0875F11EBA5E2D7880E8DE7D4, 0x53141500875F11EBA5E2D7880E8DE7D4),
        (0x2C7D3CA0875F11EBA5E2D7880E8DE7D4, 0x538CA060875F11EBA5E2D7880E8DE7D4),
        (0x2C7D3CA0875F11EBA5E2D7880E8DE7D4, 0x53F462E0875F11EBA5E2D7880E8DE7D4),
        (0x2C7D3CA0875F11EBA5E2D7880E8DE7D4, 0x55396600875F11EBA5E2D7880E8DE7D4),
        (0x2C7D3CA0875F11EBA5E2D7880E8DE7D4, 0x56917BF0875F11EBA5E2D7880E8DE7D4),
        (0x2C7D3CA0875F11EBA5E2D7880E8DE7D4, 0x598A4990875F11EBA5E2D7880E8DE7D4),
        (0x2C7D3CA0875F11EBA5E2D7880E8DE7D4, 0x59F8C2D0875F11EBA5E2D7880E8DE7D4),
        (0x2C7D3CA0875F11EBA5E2D7880E8DE7D4, 0x5B9311E0875F11EBA5E2D7880E8DE7D4),
        (0x2C7D3CA0875F11EBA5E2D7880E8DE7D4, 0x5C13DAA0875F11EBA5E2D7880E8DE7D4),
        (0x2C7D3CA0875F11EBA5E2D7880E8DE7D4, 0x5D53D4B0875F11EBA5E2D7880E8DE7D4),
        (0x2C7D3CA0875F11EBA5E2D7880E8DE7D4, 0x5E307910875F11EBA5E2D7880E8DE7D4),
        (0x2C7D3CA0875F11EBA5E2D7880E8DE7D4, 0x5F063FA0875F11EBA5E2D7880E8DE7D4),
        (0x2C7D3CA0875F11EBA5E2D7880E8DE7D4, 0x60B723F0875F11EBA5E2D7880E8DE7D4),
        (0x2C7D3CA0875F11EBA5E2D7880E8DE7D4, 0x612DB380875F11EBA5E2D7880E8DE7D4),
        (0x2C7D3CA0875F11EBA5E2D7880E8DE7D4, 0x61A02460875F11EBA5E2D7880E8DE7D4),
        (0x2C7D3CA0875F11EBA5E2D7880E8DE7D4, 0x6211D1F0875F11EBA5E2D7880E8DE7D4),
        (0x2C7D3CA0875F11EBA5E2D7880E8DE7D4, 0x627C5390875F11EBA5E2D7880E8DE7D4),
        (0x2C7D3CA0875F11EBA5E2D7880E8DE7D4, 0x63AFA370875F11EBA5E2D7880E8DE7D4),
        (0x2C7D3CA0875F11EBA5E2D7880E8DE7D4, 0x64840A70875F11EBA5E2D7880E8DE7D4),
        (0x2C7E7520875F11EBA5E2D7880E8DE7D4, 0x306C9F40875F11EBA5E2D7880E8DE7D4),
        (0x2C7E7520875F11EBA5E2D7880E8DE7D4, 0x31069550875F11EBA5E2D7880E8DE7D4),
        (0x2C7E7520875F11EBA5E2D7880E8DE7D4, 0x31FF2620875F11EBA5E2D7880E8DE7D4),
        (0x2C7E7520875F11EBA5E2D7880E8DE7D4, 0x35AA2CC0875F11EBA5E2D7880E8DE7D4),
        (0x2C7E7520875F11EBA5E2D7880E8DE7D4, 0x41381750875F11EBA5E2D7880E8DE7D4),
        (0x2C7E7520875F11EBA5E2D7880E8DE7D4, 0x41B86AE0875F11EBA5E2D7880E8DE7D4),
        (0x2C7E7520875F11EBA5E2D7880E8DE7D4, 0x4724F7A0875F11EBA5E2D7880E8DE7D4),
        (0x2C7E7520875F11EBA5E2D7880E8DE7D4, 0x47F762D0875F11EBA5E2D7880E8DE7D4),
        (0x2C7E7520875F11EBA5E2D7880E8DE7D4, 0x4860ABF0875F11EBA5E2D7880E8DE7D4),
        (0x2C7E7520875F11EBA5E2D7880E8DE7D4, 0x48C70EE0875F11EBA5E2D7880E8DE7D4),
        (0x2C7E7520875F11EBA5E2D7880E8DE7D4, 0x4935AF30875F11EBA5E2D7880E8DE7D4),
        (0x2C7E7520875F11EBA5E2D7880E8DE7D4, 0x5079BB10875F11EBA5E2D7880E8DE7D4),
        (0x2C7E7520875F11EBA5E2D7880E8DE7D4, 0x523CEEE0875F11EBA5E2D7880E8DE7D4),
        (0x2C7E7520875F11EBA5E2D7880E8DE7D4, 0x54D10740875F11EBA5E2D7880E8DE7D4),
        (0x2C7E7520875F11EBA5E2D7880E8DE7D4, 0x5F063FA0875F11EBA5E2D7880E8DE7D4),
        (0x2C7E7520875F11EBA5E2D7880E8DE7D4, 0x64840A70875F11EBA5E2D7880E8DE7D4),
        (0x2C7FD4B0875F11EBA5E2D7880E8DE7D4, 0x2CF97180875F11EBA5E2D7880E8DE7D4),
        (0x2C7FD4B0875F11EBA5E2D7880E8DE7D4, 0x2E67A780875F11EBA5E2D7880E8DE7D4),
        (0x2C7FD4B0875F11EBA5E2D7880E8DE7D4, 0x2EE478A0875F11EBA5E2D7880E8DE7D4),
        (0x2C7FD4B0875F11EBA5E2D7880E8DE7D4, 0x2FF8CED0875F11EBA5E2D7880E8DE7D4),
        (0x2C7FD4B0875F11EBA5E2D7880E8DE7D4, 0x306C9F40875F11EBA5E2D7880E8DE7D4),
        (0x2C7FD4B0875F11EBA5E2D7880E8DE7D4, 0x31069550875F11EBA5E2D7880E8DE7D4),
        (0x2C7FD4B0875F11EBA5E2D7880E8DE7D4, 0x31FF2620875F11EBA5E2D7880E8DE7D4),
        (0x2C7FD4B0875F11EBA5E2D7880E8DE7D4, 0x32A180A0875F11EBA5E2D7880E8DE7D4),
        (0x2C7FD4B0875F11EBA5E2D7880E8DE7D4, 0x33B7AB90875F11EBA5E2D7880E8DE7D4),
        (0x2C7FD4B0875F11EBA5E2D7880E8DE7D4, 0x342E3B20875F11EBA5E2D7880E8DE7D4),
        (0x2C7FD4B0875F11EBA5E2D7880E8DE7D4, 0x34ABA880875F11EBA5E2D7880E8DE7D4),
        (0x2C7FD4B0875F11EBA5E2D7880E8DE7D4, 0x35AA2CC0875F11EBA5E2D7880E8DE7D4),
        (0x2C7FD4B0875F11EBA5E2D7880E8DE7D4, 0x369B4380875F11EBA5E2D7880E8DE7D4),
        (0x2C7FD4B0875F11EBA5E2D7880E8DE7D4, 0x37748C80875F11EBA5E2D7880E8DE7D4),
        (0x2C7FD4B0875F11EBA5E2D7880E8DE7D4, 0x38CB69F0875F11EBA5E2D7880E8DE7D4),
        (0x2C7FD4B0875F11EBA5E2D7880E8DE7D4, 0x395114B0875F11EBA5E2D7880E8DE7D4),
        (0x2C7FD4B0875F11EBA5E2D7880E8DE7D4, 0x39CA6360875F11EBA5E2D7880E8DE7D4),
        (0x2C7FD4B0875F11EBA5E2D7880E8DE7D4, 0x3AC39070875F11EBA5E2D7880E8DE7D4),
        (0x2C7FD4B0875F11EBA5E2D7880E8DE7D4, 0x3C1F28D0875F11EBA5E2D7880E8DE7D4),
        (0x2C7FD4B0875F11EBA5E2D7880E8DE7D4, 0x3C95DF70875F11EBA5E2D7880E8DE7D4),
        (0x2C7FD4B0875F11EBA5E2D7880E8DE7D4, 0x3D04A6D0875F11EBA5E2D7880E8DE7D4),
        (0x2C7FD4B0875F11EBA5E2D7880E8DE7D4, 0x3D6A4670875F11EBA5E2D7880E8DE7D4),
        (0x2C7FD4B0875F11EBA5E2D7880E8DE7D4, 0x3E37A890875F11EBA5E2D7880E8DE7D4),
        (0x2C7FD4B0875F11EBA5E2D7880E8DE7D4, 0x3F80CA60875F11EBA5E2D7880E8DE7D4),
        (0x2C7FD4B0875F11EBA5E2D7880E8DE7D4, 0x40C61BA0875F11EBA5E2D7880E8DE7D4),
        (0x2C7FD4B0875F11EBA5E2D7880E8DE7D4, 0x421F1BF0875F11EBA5E2D7880E8DE7D4),
        (0x2C7FD4B0875F11EBA5E2D7880E8DE7D4, 0x42F13900875F11EBA5E2D7880E8DE7D4),
        (0x2C7FD4B0875F11EBA5E2D7880E8DE7D4, 0x43627160875F11EBA5E2D7880E8DE7D4),
        (0x2C7FD4B0875F11EBA5E2D7880E8DE7D4, 0x43C9E5C0875F11EBA5E2D7880E8DE7D4),
        (0x2C7FD4B0875F11EBA5E2D7880E8DE7D4, 0x4436FF70875F11EBA5E2D7880E8DE7D4),
        (0x2C7FD4B0875F11EBA5E2D7880E8DE7D4, 0x464F7F30875F11EBA5E2D7880E8DE7D4),
        (0x2C7FD4B0875F11EBA5E2D7880E8DE7D4, 0x4724F7A0875F11EBA5E2D7880E8DE7D4),
        (0x2C7FD4B0875F11EBA5E2D7880E8DE7D4, 0x47F762D0875F11EBA5E2D7880E8DE7D4),
        (0x2C7FD4B0875F11EBA5E2D7880E8DE7D4, 0x4ADB21D0875F11EBA5E2D7880E8DE7D4),
        (0x2C7FD4B0875F11EBA5E2D7880E8DE7D4, 0x4C1EEC70875F11EBA5E2D7880E8DE7D4),
        (0x2C7FD4B0875F11EBA5E2D7880E8DE7D4, 0x4C9220A0875F11EBA5E2D7880E8DE7D4),
        (0x2C7FD4B0875F11EBA5E2D7880E8DE7D4, 0x4D0777B0875F11EBA5E2D7880E8DE7D4),
        (0x2C7FD4B0875F11EBA5E2D7880E8DE7D4, 0x4D80ED70875F11EBA5E2D7880E8DE7D4),
        (0x2C7FD4B0875F11EBA5E2D7880E8DE7D4, 0x4DEE0720875F11EBA5E2D7880E8DE7D4),
        (0x2C7FD4B0875F11EBA5E2D7880E8DE7D4, 0x4E5EF160875F11EBA5E2D7880E8DE7D4),
        (0x2C7FD4B0875F11EBA5E2D7880E8DE7D4, 0x4ECB6ED0875F11EBA5E2D7880E8DE7D4),
        (0x2C7FD4B0875F11EBA5E2D7880E8DE7D4, 0x5018AF50875F11EBA5E2D7880E8DE7D4),
        (0x2C7FD4B0875F11EBA5E2D7880E8DE7D4, 0x538CA060875F11EBA5E2D7880E8DE7D4),
        (0x2C7FD4B0875F11EBA5E2D7880E8DE7D4, 0x55396600875F11EBA5E2D7880E8DE7D4),
        (0x2C7FD4B0875F11EBA5E2D7880E8DE7D4, 0x56254CA0875F11EBA5E2D7880E8DE7D4),
        (0x2C7FD4B0875F11EBA5E2D7880E8DE7D4, 0x56917BF0875F11EBA5E2D7880E8DE7D4),
        (0x2C7FD4B0875F11EBA5E2D7880E8DE7D4, 0x57048910875F11EBA5E2D7880E8DE7D4),
        (0x2C7FD4B0875F11EBA5E2D7880E8DE7D4, 0x5779B910875F11EBA5E2D7880E8DE7D4),
        (0x2C7FD4B0875F11EBA5E2D7880E8DE7D4, 0x58892D40875F11EBA5E2D7880E8DE7D4),
        (0x2C7FD4B0875F11EBA5E2D7880E8DE7D4, 0x58F53580875F11EBA5E2D7880E8DE7D4),
        (0x2C7FD4B0875F11EBA5E2D7880E8DE7D4, 0x598A4990875F11EBA5E2D7880E8DE7D4),
        (0x2C7FD4B0875F11EBA5E2D7880E8DE7D4, 0x59F8C2D0875F11EBA5E2D7880E8DE7D4),
        (0x2C7FD4B0875F11EBA5E2D7880E8DE7D4, 0x5A76A560875F11EBA5E2D7880E8DE7D4),
        (0x2C7FD4B0875F11EBA5E2D7880E8DE7D4, 0x5B0FB110875F11EBA5E2D7880E8DE7D4),
        (0x2C7FD4B0875F11EBA5E2D7880E8DE7D4, 0x5B9311E0875F11EBA5E2D7880E8DE7D4),
        (0x2C7FD4B0875F11EBA5E2D7880E8DE7D4, 0x5C7B9D20875F11EBA5E2D7880E8DE7D4),
        (0x2C7FD4B0875F11EBA5E2D7880E8DE7D4, 0x5CE07970875F11EBA5E2D7880E8DE7D4),
        (0x2C7FD4B0875F11EBA5E2D7880E8DE7D4, 0x5D53D4B0875F11EBA5E2D7880E8DE7D4),
        (0x2C7FD4B0875F11EBA5E2D7880E8DE7D4, 0x5FDDB3E0875F11EBA5E2D7880E8DE7D4),
        (0x2C7FD4B0875F11EBA5E2D7880E8DE7D4, 0x604612A0875F11EBA5E2D7880E8DE7D4),
        (0x2C7FD4B0875F11EBA5E2D7880E8DE7D4, 0x612DB380875F11EBA5E2D7880E8DE7D4),
        (0x2C7FD4B0875F11EBA5E2D7880E8DE7D4, 0x61A02460875F11EBA5E2D7880E8DE7D4),
        (0x2C7FD4B0875F11EBA5E2D7880E8DE7D4, 0x6211D1F0875F11EBA5E2D7880E8DE7D4),
        (0x2C7FD4B0875F11EBA5E2D7880E8DE7D4, 0x641D5960875F11EBA5E2D7880E8DE7D4);

insert into activityFilter (activityFilterActivityId, activityFilterActivityTypeId)
values  (0x08888660875F11EBA152EDF4BB6079EF, 0x7D33B74BEBC14DB480881E279630CBD5),
        (0x0904E250875F11EBA152EDF4BB6079EF, 0x7D33B74BEBC14DB480881E279630CBD5),
        (0x096CCBE0875F11EBA152EDF4BB6079EF, 0x7D33B74BEBC14DB480881E279630CBD5),
        (0x09D85EF0875F11EBA152EDF4BB6079EF, 0x7D33B74BEBC14DB480881E279630CBD5),
        (0x0A444020875F11EBA152EDF4BB6079EF, 0x7D33B74BEBC14DB480881E279630CBD5),
        (0x0A9B60D0875F11EBA152EDF4BB6079EF, 0x3EB2BD46EF8F44C2B2B287E300CD6BC5),
        (0x0A9B60D0875F11EBA152EDF4BB6079EF, 0x7D33B74BEBC14DB480881E279630CBD5),
        (0x0B06CCD0875F11EBA152EDF4BB6079EF, 0x7D33B74BEBC14DB480881E279630CBD5),
        (0x0B676360875F11EBA152EDF4BB6079EF, 0x7D33B74BEBC14DB480881E279630CBD5),
        (0x0BC64C40875F11EBA152EDF4BB6079EF, 0x7D33B74BEBC14DB480881E279630CBD5),
        (0x0C227600875F11EBA152EDF4BB6079EF, 0x7D33B74BEBC14DB480881E279630CBD5),
        (0x0C841E00875F11EBA152EDF4BB6079EF, 0x3EB2BD46EF8F44C2B2B287E300CD6BC5),
        (0x0C841E00875F11EBA152EDF4BB6079EF, 0x7D33B74BEBC14DB480881E279630CBD5),
        (0x0CE7C1D0875F11EBA152EDF4BB6079EF, 0x7D33B74BEBC14DB480881E279630CBD5),
        (0x0D409030875F11EBA152EDF4BB6079EF, 0x7D33B74BEBC14DB480881E279630CBD5),
        (0x0D409030875F11EBA152EDF4BB6079EF, 0xE07F978CBBF044E5B38CC562D597FC83),
        (0x0DAFA5B0875F11EBA152EDF4BB6079EF, 0x7D33B74BEBC14DB480881E279630CBD5),
        (0x0E21EF80875F11EBA152EDF4BB6079EF, 0xE07F978CBBF044E5B38CC562D597FC83),
        (0x0E8963E0875F11EBA152EDF4BB6079EF, 0xE07F978CBBF044E5B38CC562D597FC83),
        (0x0EE73B50875F11EBA152EDF4BB6079EF, 0xE07F978CBBF044E5B38CC562D597FC83),
        (0x0F3E8310875F11EBA152EDF4BB6079EF, 0xE07F978CBBF044E5B38CC562D597FC83),
        (0x0FB539B0875F11EBA152EDF4BB6079EF, 0xE07F978CBBF044E5B38CC562D597FC83),
        (0x100EA450875F11EBA152EDF4BB6079EF, 0xE07F978CBBF044E5B38CC562D597FC83),
        (0x106F61F0875F11EBA152EDF4BB6079EF, 0x3EB2BD46EF8F44C2B2B287E300CD6BC5),
        (0x106F61F0875F11EBA152EDF4BB6079EF, 0xE07F978CBBF044E5B38CC562D597FC83),
        (0x10CEC000875F11EBA152EDF4BB6079EF, 0xE07F978CBBF044E5B38CC562D597FC83),
        (0x11328AE0875F11EBA152EDF4BB6079EF, 0xE07F978CBBF044E5B38CC562D597FC83),
        (0x118B5940875F11EBA152EDF4BB6079EF, 0xE07F978CBBF044E5B38CC562D597FC83);

DELIMITER $$
DROP FUNCTION IF EXISTS haversine;

CREATE FUNCTION haversine(originX FLOAT, originY FLOAT, destinationX FLOAT, destinationY FLOAT) RETURNS FLOAT
    DETERMINISTIC
BEGIN

    DECLARE radius FLOAT;
    DECLARE latitudeAngle1 FLOAT;
    DECLARE latitudeAngle2 FLOAT;
    DECLARE latitudePhase FLOAT;
    DECLARE longitudePhase FLOAT;
    DECLARE alpha FLOAT;
    DECLARE corner FLOAT;
    DECLARE distance FLOAT;

    SET radius = 3958.7613;
    SET latitudeAngle1 = RADIANS(originY);
    SET latitudeAngle2 = RADIANS(destinationY);
    SET latitudePhase = RADIANS(destinationY - originY);
    SET longitudePhase = RADIANS(destinationX - originX);

    SET alpha = POW(SIN(latitudePhase / 2), 2)
        + POW(SIN(longitudePhase / 2), 2)
                    * COS(latitudeAngle1) * COS(latitudeAngle2);
    SET corner = 2 * ASIN(SQRT(alpha));
    SET distance = radius * corner;

    RETURN distance;
END
$$
DELIMITER ;